trial,tsc,delta,low8,low16
0,3817251661687,0,119,59255
1,3817992864831,741203144,63,50239
2,3819201551677,1208686846,61,56637
3,3819269668017,68116340,177,15537
4,3819343832225,74164208,161,58529
5,3819415542794,71710569,10,7178
6,3819486298230,70755436,118,49270
7,3819563280756,76982526,116,26996
8,3819636510264,73229508,56,52792
9,3819721033097,84522833,137,34185
10,3819779994912,58961815,32,13600
11,3819851873296,71878384,16,64528
12,3819924975141,73101845,37,28197
13,3819999741522,74766381,82,18002
14,3820067270206,67528684,62,44606
15,3820140021837,72751631,77,51277
16,3820211699929,71678092,217,32985
17,3820283812684,72112755,76,56140
18,3820356940077,73127393,45,45357
19,3820432640337,75700260,81,51537
20,3820504038616,71398279,216,15576
21,3820575514063,71475447,207,56783
22,3820648749540,73235477,228,23012
23,3820722851766,74102226,182,4022
24,3820795265004,72413238,236,65516
25,3820868743203,73478199,35,12323
26,3820940263336,71520133,168,32680
27,3821010040888,69777552,56,14392
28,3821086687504,76646616,16,49424
29,3821160465579,73778075,171,33963
30,3821251590533,91124954,133,63877
31,3821306016226,54425693,226,29154
32,3821379077137,73060911,17,17425
33,3821445216573,66139436,61,31037
34,3821522006412,76789839,140,12684
35,3821591733712,69727300,208,9680
36,3821663841178,72107466,154,27546
37,3821740111077,76269899,229,13541
38,3821811117477,71006400,165,44453
39,3821882374261,71256784,117,63605
40,3821957141731,74767470,227,54499
41,3822030004133,72862402,165,40869
42,3822102586652,72582519,28,9500
43,3822172257232,69670580,208,15312
44,3822248820102,76562870,134,32134
45,3822316493020,67672918,220,6364
46,3822392637871,76144851,175,63919
47,3822464131318,71493447,246,57590
48,3822535402354,71271036,114,25458
49,3822608679884,73277530,204,33740
50,3822682108202,73428318,42,61738
51,3822755982808,73874606,216,11736
52,3822825709044,69726236,244,7668
53,3822897801638,72092594,166,10662
54,3822971954416,74152778,240,42224
55,3823043930325,71975909,213,59605
56,3823120670233,76739908,25,56857
57,3823187292477,66622244,61,28989
58,3823261915306,74622829,170,6314
59,3823336891712,74976406,64,9536
60,3823414920149,78028437,213,50133
61,3823480601588,65681439,244,64500
62,3823553873224,73271636,72,1352
63,3823626960628,73087404,244,16116
64,3823701597141,74636513,213,7125
65,3823772415008,70817867,32,46112
66,3823841331717,68916709,5,18949
67,3823912094827,70763110,107,3179
68,3823986292144,74197317,176,13744
69,3824058198095,71905951,79,26703
70,3824134825120,76627025,160,42144
71,3824212846618,78021498,26,10266
72,3824277122960,64276342,144,61328
73,3824354709483,77586523,235,53227
74,3824421562681,66853198,57,59705
75,3824496736037,75173356,37,63269
76,3824569545554,72809517,82,62290
77,3824644316122,74770568,218,56282
78,3824716773877,72457755,245,31221
79,3824786773821,69999944,61,38717
80,3824859095791,72321970,239,8943
81,3824933697514,74601723,234,30698
82,3825003036324,69338810,164,32420
83,3825077866354,74830030,114,20338
84,3825149913843,72047489,243,43763
85,3825222920967,73007124,7,43783
86,3825294873926,71952959,70,38214
87,3825367559112,72685186,200,43976
88,3825440902305,73343193,161,52385
89,3825516212489,75310184,9,61705
90,3825584971976,68759487,200,8392
91,3825657214826,72242850,106,30570
92,3825730897241,73682415,89,50521
93,3825801483461,70586220,197,54469
94,3825875888130,74404669,2,10242
95,3825961602915,85714785,99,3939
96,3826021712851,60109936,211,17363
97,3826092944836,71231985,196,11716
98,3826163206059,70261223,171,18347
99,3832432026702,6268820643,78,58446
100,3833009731410,577704708,82,63314
101,3834209514449,1199783039,209,13265
102,3834280183044,70668595,4,34052
103,3834351850906,71667862,154,5530
104,3834426235835,74384929,187,7099
105,3834496754335,70518500,159,8863
106,3834571586048,74831713,0,64000
107,3834642973597,71387549,157,17309
108,3834714328479,71354882,159,3487
109,3834790268668,75940189,252,52988
110,3834862091232,71822564,224,48096
111,3834936291543,74200311,215,61655
112,3835009589109,73297566,117,24437
113,3835080056481,70467372,161,40609
114,3835149265349,69208868,197,43461
115,3835228028165,78762816,5,32005
116,3835298223584,70195419,224,38368
117,3835374477586,76254002,18,8466
118,3835447868489,73390903,73,64585
119,3835515862156,67993667,140,31884
120,3835586706853,70844697,165,32165
121,3835660932542,74225689,190,5566
122,3835732717730,71785188,162,28834
123,3835803775125,71057395,149,45205
124,3835876669997,72894872,45,64045
125,3835948763032,72093035,152,1944
126,3836019948064,71185032,32,14880
127,3836092264360,72316296,168,44968
128,3836164828509,72564149,93,60765
129,3836241167548,76339039,188,50364
130,3836317018431,75850883,63,10559
131,3836383897505,66879074,161,42913
132,3836457334592,73437087,64,14144
133,3836531120084,73785492,212,6100
134,3836605217791,74097707,255,48127
135,3836676176653,70958862,13,31501
136,3836747238245,71061592,101,52069
137,3836825434712,78196467,88,64088
138,3836893190073,67755361,185,55225
139,3836965311749,72121676,5,21765
140,3837038889047,73577298,87,2135
141,3837112650989,73761942,237,36077
142,3837183433988,70782999,4,40196
143,3837259229893,75795905,197,10949
144,3837330703500,71473607,140,50316
145,3837405921642,75218142,106,33130
146,3837476211014,70289372,70,2374
147,3837545570425,69359411,121,24697
148,3837616800499,71230074,243,17139
149,3837691751882,74951383,202,60874
150,3837765228109,73476227,77,5709
151,3837837302635,72074526,107,56171
152,3837910600732,73298097,28,19484
153,3837982449648,71848916,240,40944
154,3838055263612,72813964,124,44412
155,3838127613244,72349632,60,42300
156,3838201704111,74090867,175,11951
157,3838268972601,67268490,57,40505
158,3838343275303,74302702,39,25383
159,3838416247604,72972301,52,56116
160,3838488092236,71844632,76,7756
161,3838565466517,77374281,149,49557
162,3838635283939,69817422,227,5603
163,3838709231140,73947201,36,28196
164,3838779576423,70345283,103,53351
165,3838853233214,73656791,62,47678
166,3838925622782,72389568,254,19966
167,3838997131338,71508556,74,28746
168,3839070370254,73238916,206,63950
169,3839143494963,73124709,51,50483
170,3839216961058,73466095,34,50722
171,3839288802994,71841936,178,65202
172,3839361532738,72729744,66,49986
173,3839432601853,71069115,253,12541
174,3839508533271,75931418,23,53271
175,3839580024772,71491501,196,44996
176,3839654717845,74693073,149,27029
177,3839726707210,71989365,10,57866
178,3839798794758,72087548,6,55814
179,3839874290137,75495379,217,53721
180,3839939850908,65560771,156,12956
181,3840014178276,74327368,228,22500
182,3840086283686,72105410,166,38310
183,3840158449239,72165553,87,48727
184,3840232216639,73767400,63,22591
185,3840304305152,72088513,0,21504
186,3840378272172,73967020,172,63916
187,3840451069443,72797271,3,50691
188,3840522386164,71316721,244,64244
189,3840593541752,71155588,120,47736
190,3840665505320,71963568,40,52776
191,3840741191260,75685940,92,44636
192,3840812270746,71079486,154,17562
193,3840882525743,70254997,47,17967
194,3840958869154,76343411,162,11938
195,3841031702260,72833106,244,34548
196,3841104896991,73194731,223,25567
197,3841176977050,72080059,154,16026
198,3841251068300,74091250,140,51596
199,3841318692589,67624289,237,42733
200,3841394259496,75566907,40,46632
201,3841464939014,70679518,6,12806
202,3841538021591,73082577,215,22743
203,3841608539083,70517492,203,23499
204,3841681060072,72520989,232,61672
205,3841752370635,71310563,203,3531
206,3841828207072,75836437,224,14816
207,3841898761888,70554816,160,52896
208,3841972917955,74156067,195,22211
209,3842042268737,69350782,65,35905
210,3842115152174,72883437,46,43310
211,3842190457809,75305635,209,48081
212,3842261168190,70710381,62,45118
213,3842339209095,78040905,135,32647
214,3842408929411,69720316,131,22659
215,3842478277318,69347907,198,33478
216,3842555293093,77015775,165,44453
217,3842627310751,72017658,159,38047
218,3842699231426,71920675,194,194
219,3842769512363,70280937,171,26539
220,3842841278202,71765839,250,30458
221,3842915022303,73744101,223,46559
222,3842986173249,71150946,65,25409
223,3843059444433,73271184,209,27345
224,3843133450936,74006503,184,43704
225,3843206561505,73110569,225,16097
226,3843280804232,74242727,136,6536
227,3843352485287,71681055,167,56743
228,3843422559334,70074047,102,7270
229,3843495823051,73263717,203,1739
230,3843570448907,74625856,11,47627
231,3843642069820,71620913,60,37692
232,3843714181003,72111183,139,59275
233,3843789286790,75105787,134,60806
234,3843858042840,68756050,216,4056
235,3843931905933,73863093,141,8077
236,3844004663661,72757728,109,20845
237,3844074929872,70266211,208,32464
238,3844148999935,74070063,255,46847
239,3844221001209,72001274,249,24057
240,3844293838098,72836889,18,50450
241,3844366854703,73016605,47,59951
242,3844440654835,73800132,243,1011
243,3844510637517,69982682,205,56781
244,3844583268286,72630769,190,8126
245,3844661762216,78493930,168,55464
246,3844732863130,71100914,154,49818
247,3844802729296,69866166,80,54608
248,3844872858331,70129035,219,60123
249,3844945363081,72504750,137,16521
250,3845022106925,76743844,45,17709
251,3845093296431,71189506,47,35119
252,3845162614319,69317888,47,15919
253,3845237844413,75230094,189,10685
254,3845311646492,73802079,28,19228
255,3845381503003,69856511,27,14363
256,3845458434133,76931130,85,6229
257,3845528560056,70125923,184,8632
258,3845604222412,75662356,204,42444
259,3845675280252,71057840,124,59260
260,3845745935236,70654984,132,900
261,3845818263426,72328190,130,42882
262,3845888505654,70242228,54,30518
263,3845966652520,78146866,104,58472
264,3846038707373,72054853,173,23725
265,3846108502833,69795460,49,23345
266,3846181409397,72906564,117,53877
267,3846254952613,73543216,165,165
268,3846327338668,72386055,172,34476
269,3846399136385,71797717,129,4737
270,3846469915519,70779134,127,4991
271,3846544649152,74733633,192,27584
272,3846616088589,71439437,13,32781
273,3846689664026,73575437,26,11290
274,3846762953437,73289411,221,31453
275,3846832332765,69379328,221,8157
276,3846909628890,77296125,218,37338
277,3846978749571,69120681,131,17539
278,3847050902513,72152942,241,15345
279,3847128211781,77309268,69,57669
280,3847197696079,69484298,79,8271
281,3847272083724,74387645,12,12556
282,3847345644433,73560709,145,41873
283,3847424184433,78540000,113,4209
284,3847488748449,64564016,161,15265
285,3847559666066,70917617,146,22930
286,3847638319265,78653199,161,32929
287,3847705114762,66795497,138,47242
288,3847778152371,73037609,179,12211
289,3847850603057,72450686,49,45617
290,3847927094347,76491290,75,56395
291,3847998431202,71336855,226,24546
292,3848066156263,67725061,231,50919
293,3848137826716,71670453,156,24988
294,3848217246717,79420001,253,15357
295,3848285660347,68413630,187,9403
296,3848360365325,74704978,13,3341
297,3848431816221,71450896,29,19997
298,3848504422400,72606179,0,12288
299,3848588038292,83615892,148,4244
300,3848647393907,59355615,115,49779
301,3848723071380,75677473,148,33172
302,3848794602000,71530620,16,64016
303,3848866196919,71594919,183,28087
304,3848940092345,73895426,185,64441
305,3849012794888,72702543,8,22024
306,3849085938750,73143862,62,27710
307,3849157821139,71882389,211,17107
308,3849230544740,72723601,100,61284
309,3849303320608,72775868,32,26656
310,3849376207560,72886952,200,37576
311,3849448949184,72741624,192,34240
312,3849519247228,70298044,124,12156
313,3849593467250,74220022,114,45426
314,3849666405538,72938288,162,42146
315,3849735989599,69584061,95,26975
316,3849815652041,79662442,201,63177
317,3849885689994,70037953,138,43146
318,3849957257917,71567923,189,45757
319,3850027290037,70032120,181,19893
320,3850101383897,74093860,217,58073
321,3850175146854,73762957,102,27494
322,3850244173758,69026904,190,44990
323,3850318860295,74686537,7,20487
324,3850388316256,69455961,96,8288
325,3850460142711,71826455,119,7287
326,3850537974183,77831472,167,47527
327,3850609001430,71027247,214,33750
328,3850680828081,71826651,177,32945
329,3850754567258,73739177,90,44122
330,3850824204694,69637436,150,16790
331,3850899808150,75603456,150,57238
332,3850971682580,71874430,20,38676
333,3851042054762,70372182,106,25194
334,3851112808048,70753286,112,65136
335,3851186059977,73251929,201,47817
336,3851261110547,75050570,19,59667
337,3851331337100,70226553,140,31628
338,3851408837943,77500843,55,3383
339,3851480434382,71596439,206,34510
340,3851549444598,69010216,246,35318
341,3851630276884,80832286,20,61716
342,3851693948356,63671472,196,32196
343,3851768510978,74562622,2,14850
344,3851841399447,72888469,151,27287
345,3851912699909,71300462,5,24581
346,3851986765824,74065915,0,34816
347,3852056984309,70218485,245,64245
348,3852132606086,75621777,134,57478
349,3852208129090,75523004,66,17474
350,3852275249406,67120316,254,28926
351,3852349913415,74664009,71,47431
352,3852422953246,73039831,30,14622
353,3852494485589,71532343,85,47189
354,3852565525898,71040309,138,46474
355,3852638296357,72770459,37,6437
356,3852714238371,75942014,163,57763
357,3852786095115,71856744,11,21515
358,3852862811387,76716272,251,60667
359,3852929899994,67088607,218,40410
360,3853004587075,74687081,67,16451
361,3853076300675,71713600,131,33667
362,3853149746410,73445735,234,13546
363,3853218616916,68870506,84,5716
364,3853293780905,75163989,169,65449
365,3853366508034,72727129,2,47618
366,3853442898768,76390734,80,23376
367,3853513461754,70562986,250,4090
368,3853584746200,71284446,216,50904
369,3853656546465,71800265,161,23713
370,3853731142708,74596243,52,39988
371,3853804503666,73360958,114,626
372,3853875403040,70899374,32,55584
373,3853945790581,70387541,117,57461
374,3854019476704,73686123,224,15584
375,3854091134777,71658073,57,42809
376,3854163735694,72600917,142,29838
377,3854238332125,74596431,221,46301
378,3854308392125,70060000,189,48317
379,3854383723280,75331155,16,13072
380,3854453512763,69789483,59,6715
381,3854529830360,76317597,216,40408
382,3854603397797,73567437,165,10917
383,3854671432436,68034639,244,19188
384,3854744460069,73027633,37,39717
385,3854818793147,74333078,187,54971
386,3854892275007,73481860,63,5439
387,3854968195938,75920931,98,35682
388,3855037843910,69647972,198,18886
389,3855110318444,72474534,108,10604
390,3855179283725,68965281,13,32013
391,3855254153449,74869724,233,59625
392,3855325597727,71444278,31,4127
393,3855401338507,75740780,139,50827
394,3855469146824,67808317,200,29384
395,3855542883814,73736990,230,38374
396,3855616617795,73733981,67,44355
397,3855689666141,73048346,93,20061
398,3855760775860,71109719,180,23220
399,3855835194832,74418972,208,58832
400,3855908377994,73183162,138,38282
401,3855979862241,71484247,225,22753
402,3856054374717,74512476,61,20797
403,3856124689373,70314656,221,15325
404,3856196730758,72041385,134,32646
405,3856270745942,74015184,86,57686
406,3856341016571,70270629,251,8187
407,3856417869078,76852507,22,52502
408,3856491073527,73204449,247,53239
409,3856559752905,68679378,201,50889
410,3856631653917,71901012,29,58909
411,3856706293106,74639189,114,52594
412,3856779163742,72870636,94,47198
413,3856849267964,70104222,252,27900
414,3856923103292,73835328,60,4156
415,3856993758434,70655142,226,11490
416,3857070014412,76255978,204,49100
417,3857139921492,69907080,84,29268
418,3857214259122,74337630,178,49074
419,3857284115067,69855945,123,43643
420,3857357934177,73819110,97,3681
421,3857429082514,71148337,146,45458
422,3857502230995,73148481,211,55763
423,3857575485109,73254114,181,40629
424,3857647454587,71969478,123,51579
425,3857718366582,70911995,118,53622
426,3857795342891,76976309,43,25131
427,3857870927007,75584116,159,46239
428,3857940091173,69164166,37,4389
429,3858012877088,72785915,32,45344
430,3858082802223,69925135,47,43567
431,3858155159767,72357544,215,49367
432,3858229504534,74344767,22,10774
433,3858302884092,73379558,252,55548
434,3858371849267,68965175,51,11315
435,3858443543403,71694136,107,9067
436,3858518913899,75370496,107,13163
437,3858592364327,73450428,39,63271
438,3858662377645,70013318,173,18605
439,3858739724713,77347068,169,33193
440,3858806428490,66703777,74,21322
441,3858881220781,74792291,173,37037
442,3858955824448,74603667,64,60736
443,3859024414153,68589705,201,34249
444,3859099099204,74685051,68,8260
445,3859168890966,69791762,86,4182
446,3859246301561,77410595,121,16761
447,3859316494501,70192940,165,20645
448,3859392093073,75598572,145,56209
449,3859462866597,70773524,165,50853
450,3859539896168,77029571,104,10088
451,3859608533774,68637606,14,31502
452,3859681635914,73102140,74,61002
453,3859754313134,72677220,174,58798
454,3859828701881,74388747,185,64185
455,3859899729475,71027594,67,50755
456,3859973126578,73397103,178,47538
457,3860041886538,68759960,74,60234
458,3860116059475,74172937,83,46419
459,3860184633486,68574011,142,4238
460,3860260872761,76239275,57,25145
461,3860335327626,74454865,138,31114
462,3860404206868,68879242,20,32020
463,3860477611296,73404428,32,36128
464,3860551478839,73867543,55,44599
465,3860626646827,75167988,43,42795
466,3860705208597,78561770,21,26901
467,3860768768249,63559652,249,16633
468,3860840373040,71604791,48,56112
469,3860913143275,72770235,235,15851
470,3860986030152,72886877,72,26696
471,3861060206239,74176087,159,16031
472,3861132814219,72607980,139,10123
473,3861203741129,70926910,201,27081
474,3861275547513,71806384,121,6009
475,3861349192392,73644879,200,53960
476,3861422592795,73400403,27,54043
477,3861494358847,71766052,63,58175
478,3861567969153,73610306,129,6017
479,3861640171903,72202750,127,53631
480,3861714353063,74181160,167,48039
481,3861787691385,73338322,121,51577
482,3861858947011,71255626,195,4035
483,3861928672195,69725184,195,64451
484,3862004590735,75918540,143,26767
485,3862076472980,71882245,148,16020
486,3862146095401,69622421,41,39209
487,3862219616554,73521153,42,28970
488,3862290040015,70423461,207,1231
489,3862365907602,75867587,146,43666
490,3862437352916,71445314,212,54740
491,3862507019254,69666338,246,56310
492,3862578627193,71607939,121,33401
493,3862653853873,75226680,177,24753
494,3862731306307,77452434,67,13635
495,3862800256565,68950258,53,20021
496,3862873643802,73387237,26,6938
497,3862946936583,73292781,7,30471
498,3863020115373,73178790,173,5549
499,3863089735296,69619923,128,26240
500,3863162107618,72372322,226,46818
501,3863238440258,76332640,66,30018
502,3863307972425,69532167,73,28489
503,3863379636782,71664357,46,61998
504,3863453258063,73621281,79,20815
505,3863525055235,71797172,3,56067
506,3863596731070,71675835,190,35518
507,3863673685494,76954424,246,50678
508,3863745030502,71345008,102,26982
509,3863814982032,69951530,144,51600
510,3863888999305,74017273,137,13193
511,3863961849294,72849989,206,52686
512,3864033973228,72123934,236,21484
513,3864106886591,72913363,191,58815
514,3864179455863,72569272,119,14199
515,3864252163137,72707274,65,42049
516,3864327865498,75702361,154,50330
517,3864417859389,89993891,61,63293
518,3864469230648,51371259,56,54328
519,3864543056963,73826315,67,21571
520,3864613435498,70378535,106,14442
521,3864685753970,72318472,114,46706
522,3864763169925,77415955,133,64645
523,3864836256135,73086210,135,12679
524,3864910452151,74196016,183,21943
525,3864974092007,63639856,231,26343
526,3865048314289,74222282,177,61873
527,3865122552018,74237729,210,47314
528,3865195109120,72557102,0,56064
529,3865266994541,71885421,109,48493
530,3865337811974,70817433,6,21510
531,3865414044632,76232658,216,35800
532,3865486505811,72461179,83,14163
533,3865555670247,69164436,231,38119
534,3865627695914,72025667,42,39722
535,3865703054100,75358186,20,31508
536,3865775478193,72424093,177,38321
537,3865849981928,74503735,232,27624
538,3865919849637,69867709,165,33957
539,3865992226279,72376642,231,58855
540,3866069417802,77191523,74,48970
541,3866139368951,69951149,247,7671
542,3866210619247,71250296,111,20335
543,3866285649800,75030553,136,12168
544,3866354178595,68528795,35,55843
545,3866429397026,75218431,34,38946
546,3866500733375,71336349,191,6591
547,3866573707763,72974388,243,39411
548,3866646016873,72309110,105,62313
549,3866717541958,71525085,70,22086
550,3866790878229,73336271,21,23573
551,3866863789349,72911120,37,58661
552,3866937800496,74011147,48,14128
553,3867008428248,70627752,216,59608
554,3867082282205,73853957,221,54493
555,3867152642911,70360706,95,29535
556,3867227477204,74834293,212,21716
557,3867298589982,71112778,30,27934
558,3867372851675,74261693,219,37339
559,3867442796062,69944387,30,54814
560,3867518014813,75218751,93,38237
561,3867589553417,71538604,9,11529
562,3867664636184,75082767,24,55576
563,3867734343116,69706932,204,32204
564,3867809040874,74697758,234,18922
565,3867882313887,73273013,159,22687
566,3867951859504,69545617,48,34608
567,3868028705630,76846126,94,7006
568,3868097203049,68497419,105,19305
569,3868170168954,72965905,122,43642
570,3868243334787,73165833,131,5763
571,3868315395940,72061153,100,42852
572,3868387998194,72602254,242,31218
573,3868461345104,73346910,80,43344
574,3868533093266,71748162,146,29586
575,3868606122765,73029499,13,51981
576,3868679120648,72997883,8,42760
577,3868752054345,72933697,73,34889
578,3868826064635,74010290,251,55035
579,3868898023563,71958928,139,55435
580,3868967751455,69727892,31,53023
581,3869040597074,72845619,82,22610
582,3869115351254,74754180,214,214
583,3869188158170,72806916,218,62170
584,3869259448255,71290085,191,49087
585,3869337932101,78483846,69,20805
586,3869403862568,65930467,40,22056
587,3869477331356,73468788,156,24988
588,3869548540914,71209558,242,62450
589,3869624043692,75502778,172,2220
590,3869696173695,72130003,127,42623
591,3869768856457,72682762,137,45961
592,3869843102913,74246456,193,40129
593,3869910845864,67742951,168,18856
594,3869983491486,72645622,158,50590
595,3870056658394,73166908,218,13786
596,3870126616425,69958031,105,44905
597,3870201381610,74765185,234,33514
598,3870273880457,72498847,137,49545
599,3870347556033,73675576,193,62657
600,3870420042750,72486717,254,1022
601,3870488339588,68296838,132,9348
602,3870565451411,77111823,147,50835
603,3870638944024,73492613,24,12056
604,3870711690782,72746758,30,13854
605,3870784239128,72548346,24,13848
606,3870857847185,73608057,145,24977
607,3870925567986,67720801,242,47090
608,3871001308754,75740768,82,28242
609,3871071560718,70251964,14,25614
610,3871146439544,74878826,120,62328
611,3871219299600,72860056,16,46352
612,3871290203993,70904393,89,40793
613,3871361911320,71707327,24,51736
614,3871436583049,74671729,137,12425
615,3871505201523,68618474,115,14707
616,3871580785197,75583674,45,35373
617,3871653615102,72829905,254,54782
618,3871725082505,71467403,137,22409
619,3871803099956,78017451,52,52020
620,3871869839865,66739909,249,10745
621,3871943286785,73446920,1,57345
622,3872017711354,74424569,250,33018
623,3872089554963,71843609,19,49171
624,3872160295002,70740039,90,10330
625,3872231292347,70997345,187,32187
626,3872307741506,76449159,66,834
627,3872377757096,70015590,168,23976
628,3872451737320,73980224,232,14056
629,3872521121135,69383815,111,60783
630,3872596555716,75434581,196,63428
631,3872669549613,72993897,45,50221
632,3872748022093,78472480,77,10573
633,3872820174168,72152075,88,7512
634,3872889395844,69221676,132,23172
635,3872956999570,67603726,146,59282
636,3873029563731,72564161,83,9555
637,3873104946433,75382702,1,25857
638,3873179323446,74377013,54,19510
639,3873248967511,69644065,87,64343
640,3873324684984,75717473,184,22200
641,3873392804198,68119214,102,49510
642,3873470087837,77283639,157,669
643,3873540203104,70115267,96,57952
644,3873614281600,74078496,128,15232
645,3873686508508,72226908,220,21468
646,3873757597015,71088507,87,3415
647,3873833306655,75709640,31,18975
648,3873907579733,74273078,85,39765
649,3873976402177,68822444,1,49409
650,3874049119263,72717086,31,21535
651,3874121761477,72642214,197,49861
652,3874192112371,70350894,243,15091
653,3874268934627,76822256,227,29155
654,3874337289230,68354603,14,29710
655,3874408918071,71628841,55,27703
656,3874483180882,74262811,82,38226
657,3874558294172,75113290,156,47260
658,3874633308363,75014191,203,22731
659,3874704488956,71180593,252,31228
660,3874774535036,70046080,124,19324
661,3874845349852,70814816,220,55260
662,3874917136285,71786433,157,14237
663,3874988370105,71233820,185,10425
664,3875059879066,71508961,154,19610
665,3875134583928,74704862,120,13432
666,3875207583701,72999773,213,6101
667,3875279708630,72124929,214,41430
668,3875353472431,73763801,175,11695
669,3875425690588,72218157,220,9180
670,3875499035892,73345304,244,19700
671,3875572821427,73785535,179,11699
672,3875643837551,71016124,111,52335
673,3875718221418,74383867,106,52842
674,3875790778367,72556949,255,61439
675,3875862088160,71309793,224,2528
676,3875934670402,72582242,66,36418
677,3876010088386,75417984,194,22466
678,3876081523471,71435085,15,23311
679,3876153334021,71810550,5,6405
680,3876226134821,72800800,37,62245
681,3876297805149,71670328,93,36189
682,3876372401483,74596334,75,52555
683,3876447586750,75185267,190,2494
684,3876520865544,73278794,8,12040
685,3876598112255,77246711,255,57343
686,3876660889215,62776960,127,50815
687,3876739120155,78230940,27,31771
688,3876810008161,70888006,97,9825
689,3876877997154,67988993,98,37986
690,3876950643011,72645857,67,4419
691,3877023841375,73198364,95,64607
692,3877093754425,69913050,57,50745
693,3877167492117,73737692,21,60437
694,3877240688910,73196793,14,53518
695,3877313259289,72570379,25,10009
696,3877392120113,78860824,49,31025
697,3877463427341,71307228,13,35085
698,3877534099499,70672158,43,59435
699,3877600697509,66598010,165,7333
700,3877676687456,75989947,96,41056
701,3877748860327,72172871,167,58791
702,3877826291477,77431150,21,26389
703,3877894047902,67756425,158,18590
704,3877965447495,71399593,71,49479
705,3878039563026,74115531,18,43794
706,3878114301698,74738672,2,5890
707,3878192526815,78225117,223,46559
708,3878262567600,70040785,176,29360
709,3878332353055,69785455,31,18975
710,3878402566282,70213227,138,43146
711,3878472914330,70348048,154,5530
712,3878550005000,77090670,8,25864
713,3878622310226,72305226,82,44882
714,3878781606790,159296564,134,23430
715,3879989499136,1207892346,0,21760
716,3880058082963,68583827,147,54931
717,3880131703499,73620536,203,13003
718,3880207486120,75782621,168,36008
719,3880277612908,70126788,108,39276
720,3880347975330,70362422,162,16034
721,3880422943398,74968068,166,10918
722,3880497162184,74218786,200,42952
723,3880570027420,72865236,156,32156
724,3880638854306,68826886,162,46242
725,3880712842744,73988438,248,44536
726,3880785015361,72172617,65,62017
727,3880856224852,71209491,84,33876
728,3880929904851,73679999,211,51411
729,3881003194914,73290063,34,6690
730,3881074871589,71676675,37,52517
731,3881146999033,72127444,249,24825
732,3881220071115,73072082,203,24267
733,3881292195566,72124451,238,59118
734,3881368381402,76185836,218,26586
735,3881438824238,70442836,46,18222
736,3881512082321,73258083,145,7057
737,3881584410311,72327990,199,48839
738,3881660692449,76282138,225,47073
739,3881729021363,68328914,179,21939
740,3881800285727,71264364,31,48671
741,3881875014971,74729244,59,1339
742,3881950102512,75087541,240,50160
743,3882016131664,66029152,80,19024
744,3882089663631,73531967,143,19599
745,3882165066995,75403364,243,56563
746,3882237380876,72313881,12,18700
747,3882307576783,70195907,207,25551
748,3882380103124,72526341,212,3540
749,3882455083632,74980508,112,10864
750,3882525233820,70150188,156,37532
751,3882600492756,75258936,212,61140
752,3882670307180,69814424,108,14188
753,3882742029488,71722308,176,40112
754,3882817216017,75186529,17,56849
755,3882890043227,72827210,91,8027
756,3882961454603,71411376,11,50699
757,3883034514689,73060086,1,38145
758,3883111441270,76926581,118,25462
759,3883183578443,72137173,75,7499
760,3883255091633,71513190,177,20913
761,3883328045360,72953727,48,33072
762,3883397338632,69293272,8,54792
763,3883467564002,70225370,226,25570
764,3883542909893,75345891,197,5061
765,3883617485830,74575937,6,1030
766,3883686957751,69471921,183,4791
767,3883759809735,72851984,199,46279
768,3883834561783,74752048,247,21751
769,3883905787672,71225889,24,10008
770,3883979989553,74201881,49,25137
771,3884047606579,67617026,51,9011
772,3884123199121,75592542,145,38545
773,3884196268729,73069608,185,35513
774,3884267519734,71251005,246,48886
775,3884338508933,70989199,133,62597
776,3884413464552,74955619,232,45032
777,3884486734986,73270434,138,46218
778,3884568386695,81651709,135,40071
779,3884630122219,61735524,235,40683
780,3884703991461,73869242,165,50853
781,3884775723569,71732108,49,21041
782,3884850680367,74956798,47,4655
783,3884918896706,68216339,66,63554
784,3884993619884,74723178,172,10156
785,3885067142306,73522422,162,1186
786,3885140411184,73268878,48,816
787,3885210632634,70221450,186,33210
788,3885283817316,73184682,100,14180
789,3885356500641,72683325,161,18081
790,3885429226027,72725386,43,64043
791,3885502247725,73021698,45,13101
792,3885576289433,74041708,153,64665
793,3885648597716,72308283,212,21204
794,3885721959405,73361689,237,48109
795,3885791257341,69297936,253,8957
796,3885864700311,73442970,151,51607
797,3885939215572,74515261,212,52436
798,3886011530061,72314489,77,15181
799,3886081467822,69937761,174,26030
800,3886155205599,73737777,223,35807
801,3886227367988,72162389,52,43060
802,3886300486083,73118095,195,22979
803,3886377024946,76538863,178,15794
804,3886447283606,70258660,150,19862
805,3886518518212,71234606,196,16836
806,3886589788445,71270233,29,49437
807,3886665399911,75611466,103,32359
808,3886734833040,69433129,144,62864
809,3886811122828,76289788,140,3212
810,3886881262475,70139647,139,19339
811,3886953597771,72335296,75,2891
812,3887025012901,71415130,165,49317
813,3887098437554,73424653,178,8114
814,3887172652904,74215350,104,36712
815,3887245156101,72503197,5,57093
816,3887319589384,74433283,8,41480
817,3887388767013,69177629,37,13093
818,3887463215733,74448720,117,12917
819,3887541033830,77818097,102,39782
820,3887605449701,64415871,229,33765
821,3887679963484,74513783,92,33116
822,3887751879200,71915716,32,55840
823,3887826050108,74170908,60,39996
824,3887900925005,74874897,77,7245
825,3887966741800,65816795,40,25896
826,3888041023163,74281363,187,54971
827,3888114539196,73516033,188,39612
828,3888191836149,77296953,245,4085
829,3888261908470,70072321,246,18422
830,3888333054388,71145918,180,57780
831,3888406857349,73802961,133,1669
832,3888476949910,70092561,150,36246
833,3888549597673,72647763,233,4585
834,3888621362762,71765089,74,7754
835,3888694979343,73616581,15,27407
836,3888767690522,72711179,26,59162
837,3888839539916,71849394,204,15564
838,3888913135081,73595165,233,13801
839,3888984558012,71422931,188,2492
840,3889062489869,77931857,13,12045
841,3889133557776,71067907,16,38928
842,3889199832124,66274348,60,56380
843,3889274534442,74702318,42,47658
844,3889929802276,655267834,36,21028
845,3891128923905,1199121629,1,30465
846,3891200905182,71981277,222,53214
847,3891272379343,71474161,207,27599
848,3891346338704,73959361,144,62352
849,3891415276315,68937611,27,56091
850,3891494815793,79539478,49,34865
851,3891561797515,66981722,139,38795
852,3891635053256,73255741,200,25288
853,3891707911314,72858058,146,7314
854,3891776648503,68737189,55,62775
855,3891852294493,75645990,93,14685
856,3891922882406,70587913,102,20326
857,3891997116516,74234110,100,2148
858,3892074320780,77204264,140,5004
859,3892142156498,67835718,210,10962
860,3892216664656,74508158,80,4688
861,3892288023098,71358442,58,59962
862,3892361001122,72978024,162,30882
863,3892429946932,68945810,52,32820
864,3892506107109,76160177,229,40165
865,3892577432379,71325270,59,62267
866,3892650234837,72802458,213,54229
867,3892724487448,74252611,24,54552
868,3892796112904,71625456,8,49160
869,3892868531053,72418149,109,50029
870,3892943310073,74779020,249,52473
871,3893013708637,70398564,93,65373
872,3893085010049,71301412,129,63617
873,3893158154360,73144311,120,4216
874,3893233426446,75272086,14,40974
875,3893308290853,74864407,37,63269
876,3893375063479,66772626,183,54711
877,3893454587003,79523524,123,17531
878,3893521754642,67167639,18,10770
879,3893593272708,71518066,132,29060
880,3893667006872,73734164,152,35224
881,3894175246544,508239672,208,43216
882,3895374216408,1198969864,216,31960
883,3895444133253,69916845,133,21893
884,3895517748780,73615527,44,40492
885,3895589739201,71990421,193,6849
886,3895661287956,71548755,20,55828
887,3895735123461,73835505,5,32261
888,3895810436881,75313420,17,44817
889,3895882594051,72157170,3,46851
890,3895950279885,67685834,205,33997
891,3896025258313,74978428,73,39241
892,3896096987670,71729357,22,6678
893,3896630248916,533261246,212,1492
894,3897830451836,1200202920,124,43644
895,3897901310522,70858686,58,57914
896,3897974122404,72811882,164,59300
897,3898042023357,67900953,189,64957
898,3898114289821,72266464,157,45213
899,3898188155446,73865625,54,51766
900,3898264773864,76618418,232,58600
901,3898334383183,69609319,79,3151
902,3898409401389,75018206,45,48173
903,3898479503566,70102177,206,26830
904,3898551560902,72057336,198,60102
905,3898625959218,74398316,50,9522
906,3898701425642,75466424,234,44010
907,3898771505299,70079657,147,147
908,3898845149114,73643815,186,47034
909,3898918617365,73468251,21,49429
910,3898992642391,74025026,87,18775
911,3899059057389,66414998,237,45805
912,3899132792038,73734649,230,52454
913,3899205051697,72259659,49,25905
914,3899276844609,71792912,65,56897
915,3899348273856,71429247,192,51904
916,3899846960241,498686385,113,9329
917,3901047112085,1200151844,149,405
918,3901118150796,71038711,140,63628
919,3901192102305,73951509,161,24993
920,3901260086962,67984657,178,48818
921,3901335219247,75132285,47,11311
922,3901407149589,71930342,21,48661
923,3901479882529,72732940,33,36641
924,3901557255506,77372977,82,11602
925,3901628217509,70962003,165,63653
926,3901696089580,67872071,236,40428
927,3901769582711,73493131,119,2167
928,3901841126402,71543691,2,46082
929,3901913773945,72647543,121,14201
930,3901985433345,71659400,1,42753
931,3902059341320,73907975,8,26120
932,3902132511763,73170443,19,58387
933,3902229985982,97474219,190,15038
934,3902866514340,636528358,164,57764
935,3904069936871,1203422531,231,42727
936,3904141737355,71800484,139,15755
937,3904220707713,78970358,129,15233
938,3904287761076,67053363,180,25268
939,3904355564427,67803351,139,64395
940,3904427311458,71747031,98,49506
941,3904504015722,76704264,106,11114
942,3904575363249,71347527,177,55473
943,3904647042399,71679150,95,38239
944,3904721641022,74598623,62,56894
945,3904791417400,69776378,56,37432
946,3904868885563,77468163,59,42043
947,3904937776957,68891394,61,55101
948,3905012120440,74343483,120,15224
949,3905083678685,71558245,221,8157
950,3905156331291,72652606,27,46875
951,3905231861722,75530431,218,14298
952,3905302405170,70543448,50,41010
953,3905374396498,71991328,82,8274
954,3905446640476,72243978,92,31580
955,3905523112509,76472033,61,23101
956,3905592184463,69071954,143,20111
957,3905664197574,72013111,198,9158
958,3905736144680,71947106,40,63272
959,3905809835778,73691098,2,26370
960,3905881670552,71834774,152,33688
961,3905957713999,76043447,79,55375
962,3906026198472,68484473,200,54728
963,3906099838098,73639626,146,31890
964,3906172351812,72513714,68,62788
965,3906245412291,73060479,195,50627
966,3906315721227,70308936,11,39435
967,3906388271344,72550117,240,41200
968,3906463702952,75431608,168,40872
969,3906535461275,71758323,155,37275
970,3906605706905,70245630,153,28313
971,3906679120365,73413460,237,41453
972,3907164570756,485450391,132,1156
973,3908365849472,1201278716,128,4992
974,3908433129523,67280051,51,45107
975,3908507406803,74277280,211,4563
976,3908577585262,70178459,110,59502
977,3908648292179,70706917,83,53075
978,3908720663637,72371458,85,7253
979,3908799560905,78897268,201,64713
980,3908872676967,73116062,103,42599
981,3908942505694,69828727,222,9950
982,3909010694316,68188622,172,41132
983,3909088369401,77675085,249,56057
984,3909162418806,74049405,118,49782
985,3909232770293,70351487,245,15605
986,3909306620036,73849743,132,6276
987,3909374907478,68287442,86,5206
988,3909448700860,73793382,188,5052
989,3909519038535,70337675,71,22599
990,3909982294950,463256415,166,5030
991,3911183428488,1201133538,136,60296
992,3911252849745,69421257,81,13393
993,3911325817713,72967968,113,39793
994,3911398004826,72187113,90,6234
995,3911467279859,69275033,243,9715
996,3911542002114,74722255,194,20930
997,3911613208292,71206178,228,55012
998,3911686038798,72830506,14,9486
999,3911761249964,75211166,172,50860
