trial,tsc,delta,low16,low8
0,93110833420071,0,38695,39
1,93111324088313,490668242,38905,249
2,93112317219487,993131174,37535,159
3,93112806390963,489171476,48307,179
4,93113259085857,452694894,20513,33
5,93113689886457,430800600,52985,249
6,93114126616783,436730326,51407,207
7,93114554706837,428090054,60309,149
8,93114981807080,427100243,62440,232
9,93115406531053,424723973,47597,237
10,93115844831502,438300449,43278,14
11,93116263325399,418493897,24279,215
12,93116717101098,453775699,28714,42
13,93117144186012,427084914,15516,156
14,93117587612601,443426589,25529,185
15,93118024495660,436883059,45612,44
16,93118498013347,473517687,163,163
17,93118979851498,481838151,17642,234
18,93119431435216,451583718,58320,208
19,93119899456000,468020784,20992,0
20,93120351766746,452310746,2266,218
21,93120807350133,455583387,44917,117
22,93121244784381,437434248,26365,253
23,93121735421298,490636917,60786,114
24,93122220117608,484696310,52840,104
25,93122661197045,441079437,9461,245
26,93123110258470,449061425,18214,38
27,93123508706626,398448156,7490,66
28,93123889251655,380545029,50503,71
29,93124238547754,349296099,39722,42
30,93124490625693,252077939,669,157
31,93125687082094,1196456401,31854,110
32,93125761910987,74828893,18635,203
33,93125838918453,77007466,21301,53
34,93125908881285,69962832,57221,133
35,93125978224056,69342771,62904,184
36,93126051015933,72791877,44285,253
37,93126124836176,73820243,5456,80
38,93126197196563,72360387,14099,19
39,93126267155652,69959089,46276,196
40,93126340779765,73624113,7925,245
41,93126410837130,70057365,7306,138
42,93126486963273,76126143,46153,73
43,93126558932146,71968873,56498,178
44,93126630442217,71510071,1257,233
45,93126702625351,72183134,29255,71
46,93126777146039,74520688,35511,183
47,93126848191424,71045385,39872,192
48,93126919172165,70980741,45125,69
49,93126994607403,75435238,48427,43
50,93127064685424,70078021,2928,112
51,93127139229017,74543593,32089,89
52,93127212549100,73320083,17388,236
53,93127282679731,70130631,24499,179
54,93127354522922,71843191,40234,42
55,93127427172999,72650077,10887,135
56,93127499872709,72699710,31173,197
57,93127574693382,74820673,9734,6
58,93127647392640,72699258,29568,128
59,93127719164807,71772167,39815,135
60,93127790823237,71658430,1861,69
61,93127867051777,76228540,12033,1
62,93127931757971,64706194,34195,147
63,93128008466506,76708535,74,74
64,93128080420546,71954040,61122,194
65,93128153139782,72719236,35398,70
66,93128227761952,74622170,12064,32
67,93128313081239,85319287,3479,151
68,93128370522340,57441101,35044,228
69,93128444175898,73653558,26138,26
70,93128517951422,73775524,8126,190
71,93128590398229,72446807,37653,21
72,93128666544530,76146301,31122,146
73,93128733442142,66897612,16478,94
74,93128809025743,75583601,37071,207
75,93128878414313,69388570,23017,233
76,93128951624053,73209740,29045,117
77,93129032793123,81169070,64547,35
78,93129097288229,64495106,6693,37
79,93129170923547,73635318,45083,27
80,93129240140595,69217048,56115,51
81,93129312495964,72355369,59740,92
82,93129387837179,75341215,34555,251
83,93129458542076,70704897,26108,252
84,93129532754702,74212626,51982,14
85,93129602517243,69762541,18683,251
86,93129675788063,73270820,20255,31
87,93129750619607,74831544,9687,215
88,93129824437330,73817723,33874,82
89,93129897415519,72978189,4959,95
90,93129964854246,67438727,7142,230
91,93130036670069,71815823,61045,117
92,93130115387340,78717271,4044,204
93,93130185528730,70141390,21914,154
94,93130261068610,75539880,64322,66
95,93130332280469,71211859,38549,149
96,93130403753707,71473238,12011,235
97,93130477951863,74198156,23415,119
98,93130548073185,70121322,21217,225
99,93130618912420,70839235,16036,164
100,93130691526672,72614252,16400,16
101,93130763676832,72150160,11424,160
102,93130835819122,72142290,64114,114
103,93130910899375,75080253,40111,175
104,93130983957914,73058539,26010,154
105,93131058730853,74772939,22373,101
106,93131127810623,69079770,27199,63
107,93131207309723,79499100,31131,155
108,93131275912696,68602973,17912,248
109,93131346440550,70527854,29030,102
110,93131611888698,265448148,56378,58
111,93132041753614,429864916,5134,14
112,93132478205824,436452210,53120,128
113,93132953245514,475039690,22346,74
114,93133380304470,427058956,48726,86
115,93133794549177,414244707,40377,185
116,93134202848812,408299635,50732,44
117,93134636144149,433295337,22037,21
118,93135081450270,445306121,11038,30
119,93135486775610,405325340,61754,58
120,93135898622161,411846551,14545,209
121,93136308905701,410283540,42725,229
122,93136727418285,418512584,42413,173
123,93137164249359,436831074,10511,15
124,93137651081701,486832342,41445,229
125,93138088790515,437708814,35315,243
126,93138500457442,411666927,5090,226
127,93138935466884,435009442,52100,132
128,93139344739674,409272790,52570,90
129,93139773048188,428308514,17788,124
130,93140159797440,386749252,39104,192
131,93140804954590,645157150,59870,222
132,93141390837638,585883048,51078,134
133,93141812092621,421254983,40653,205
134,93142207116328,395023707,13352,40
135,93142562196710,355080382,19686,230
136,93143418542950,856346240,7014,102
137,93143667983829,249440879,17877,213
138,93144154667553,486683724,31265,33
139,93144494204136,339536583,25832,232
140,93144975021934,480817798,5998,110
141,93145326389352,351367418,34920,104
142,93145599958454,273569102,56758,182
143,93146427698845,827740391,11933,157
144,93146754732429,327033584,20877,141
145,93147019096771,264364342,12995,195
146,93147341321143,322224372,62391,183
147,93147642292826,300971683,27226,90
148,93147928522329,286229503,61017,89
149,93148200421674,271899345,51498,42
150,93148486878584,286456910,50552,120
151,93148765482176,278603592,60608,192
152,93149965593838,1200111662,11502,238
153,93150041233494,75639656,22614,86
154,93150112903207,71669713,61479,39
155,93150188022831,75119624,11311,47
156,93150253505626,65482795,23642,90
157,93150325705530,72199904,2874,58
158,93150398066279,72360749,11879,103
159,93150478456101,80389822,54565,37
160,93150546262834,67806733,31538,50
161,93150616259442,69996608,35698,114
162,93150686665981,70406539,56573,253
163,93150760660058,73994077,60506,90
164,93150832716734,72056676,27582,190
165,93150904095381,71378647,37525,149
166,93150976032058,71936677,15674,58
167,93151046463440,70431382,61392,208
168,93151123355073,76891633,13761,193
169,93151195422819,72067746,57443,99
170,93151266337010,70914191,61682,242
171,93151341428820,75091810,49236,84
172,93151412132443,70703623,39515,91
173,93151485156611,73024168,56579,3
174,93151558354592,73197981,50848,160
175,93151637444687,79090095,38991,79
176,93151704738704,67294017,27536,144
177,93151775293363,70554659,65459,179
178,93151848601288,73307925,38600,200
179,93151921227727,72626439,51151,207
180,93151993338890,72111163,7178,10
181,93152065040360,71701470,12264,232
182,93152136627526,71587166,34118,70
183,93152210578517,73950991,60501,85
184,93152284998704,74420187,31792,48
185,93152355422555,70423851,4443,91
186,93152428049016,72626461,17016,120
187,93152504205859,76156843,21027,35
188,93152575123824,70917965,29040,112
189,93152648009034,72885210,38218,74
190,93152716536124,68527090,14652,60
191,93152790563727,74027603,52111,143
192,93152862333417,71769690,59881,233
193,93152937093299,74759882,43187,179
194,93153011329212,74235913,26812,188
195,93153080878385,69549173,42289,49
196,93153151868502,70990117,56918,86
197,93153224235838,72367336,6974,62
198,93153299950388,75714550,27444,52
199,93153371080132,71129744,50628,196
200,93153446586352,75506220,59376,240
201,93153517616508,71030156,48508,124
202,93153587978119,70361611,24455,135
203,93153660354488,72376369,49080,184
204,93153733318556,72964068,6044,156
205,93153805378777,72060221,42201,217
206,93153877876907,72498130,57515,171
207,93153949825543,71948636,47623,7
208,93154023591900,73766357,20444,220
209,93154096694107,73102207,50011,91
210,93154166853639,70159532,20487,7
211,93154241672392,74818753,62664,200
212,93154313684146,72011754,50354,178
213,93154385536827,71852681,10043,59
214,93154461694056,76157229,14440,104
215,93154532463748,70769692,5252,132
216,93154604001179,71537431,42907,155
217,93154674788406,70787227,51254,54
218,93154749676562,74888156,31762,18
219,93154823502396,73825834,64060,60
220,93154893430550,69928154,65302,22
221,93154968321739,74891189,48843,203
222,93155039876713,71554974,38505,105
223,93155110408468,70531755,53524,20
224,93155184440329,74031861,29705,9
225,93155255034085,70593756,41189,229
226,93155328278352,73244267,16208,80
227,93155404008466,75730114,52242,18
228,93155477050989,73042523,22125,109
229,93155549741130,72690141,32842,74
230,93155620580095,70838965,27391,255
231,93155690455612,69875517,41532,60
232,93155764513220,74057608,43460,196
233,93155838148958,73635738,16734,94
234,93155909845588,71696630,16980,84
235,93155984427612,74582024,19036,92
236,93156055072729,70645117,16345,217
237,93156127291677,72218948,14621,29
238,93156199798455,72506778,38583,183
239,93156274194101,74395646,50869,181
240,93156342807296,68613195,47872,0
241,93156416257998,73450702,32718,206
242,93156488286037,72028039,36693,85
243,93156562843492,74557455,14180,100
244,93156633087075,70243583,3171,99
245,93156706876046,73788971,64142,142
246,93156782024846,75148800,43150,142
247,93156852185089,70160243,14337,1
248,93156923776748,71591659,40684,236
249,93157000223114,76446366,6538,138
250,93157073012344,72789230,50808,120
251,93157142256107,69243763,23019,235
252,93157213779181,71523074,46317,237
253,93157288468425,74689244,24521,201
254,93157361483220,73014795,32212,212
255,93157431389365,69906145,11445,181
256,93157504144391,72755026,21511,7
257,93157578186058,74041667,7498,74
258,93157649392794,71206736,42138,154
259,93157726527572,77134778,41044,84
260,93157795111314,68583742,8594,146
261,93157867773006,72661692,56398,78
262,93157938642904,70869898,16344,216
263,93158012617994,73975090,1290,10
264,93158086394631,73776637,49927,7
265,93158156919691,70525060,58251,139
266,93158228627704,71708013,4344,248
267,93158299508534,70880830,40758,54
268,93158376461298,76952764,54258,242
269,93158446911729,70450431,53489,241
270,93158519400698,72488969,59642,250
271,93158592207057,72806359,55505,209
272,93158662156361,69949304,12361,73
273,93158740668563,78512202,12435,147
274,93158820076669,79408106,56445,125
275,93158886133872,66057203,53360,112
276,93158955801753,69667881,56473,153
277,93159027300647,71498894,55591,39
278,93159099951722,72651075,27242,106
279,93159171823606,71871884,6134,246
280,93159245786869,73963263,44789,245
281,93159317776686,71989817,10542,46
282,93159390378336,72601650,63840,96
283,93159461063935,70685599,36095,255
284,93159539462977,78399042,54081,65
285,93159608366638,68903661,13870,46
286,93159679081142,70714504,15030,182
287,93159753310211,74229069,57347,3
288,93159825665662,72355451,61054,126
289,93159900303081,74637419,52969,233
290,93159972270570,71967489,61930,234
291,93160044430579,72160009,1267,243
292,93160323654544,279223965,41872,144
293,93160674593424,350938880,35472,144
294,93160894569364,219975940,7060,148
295,93161200322864,305753500,35120,48
296,93161521963016,321640152,24584,8
297,93161786978506,265015490,12490,202
298,93162097039004,310060498,22172,156
299,93162377127862,280088858,10166,182
300,93162656770609,279642747,10801,49
301,93162940664739,283894130,2979,163
302,93163226905437,286240698,47965,93
303,93163517046951,290141514,61607,167
304,93163805568490,288521539,28138,234
305,93164097280927,291712437,39839,159
306,93164382511222,285230295,57462,118
307,93164648080178,265568956,9010,50
308,93164934555786,286475608,26762,138
309,93165241003955,306448169,28595,179
310,93165526612327,285608372,31079,103
311,93165797811258,271198931,42042,58
312,93166076403003,278591745,40251,59
313,93166357042987,280639984,55083,43
314,93166681880967,324837980,31111,135
315,93166937572548,255691581,1220,196
316,93167247662265,310089717,40121,185
317,93167538690978,291028713,23458,162
318,93167811685357,272994379,60397,237
319,93168109834921,298149564,21161,169
320,93168397034894,287199973,42382,142
321,93168674821639,277786745,22023,7
322,93168949359283,274537644,29363,179
323,93169222753581,273394298,7469,45
324,93170429819769,1207066188,31609,121
325,93170504372005,74552236,3877,37
326,93170574158599,69786594,60167,7
327,93170646457450,72298851,7274,106
328,93170717202810,70745360,39290,122
329,93170791357113,74154303,6841,185
330,93170865859893,74502780,60725,53
331,93170937692562,71832669,402,146
332,93171007029018,69336456,65306,26
333,93171080984509,73955491,30653,189
334,93171152269143,71284634,12119,87
335,93171230038102,77768959,55382,86
336,93171304002016,73963914,29152,224
337,93171370258568,66256552,28808,136
338,93171442376963,72118395,57603,3
339,93171515190481,72813518,60625,209
340,93171589049164,73858683,60236,76
341,93171663651302,74602138,16870,230
342,93171735419150,71767848,22798,14
343,93171805384183,69965033,60919,247
344,93171881144566,75760383,61686,246
345,93171955441621,74297055,40917,213
346,93172028563370,73121749,24490,170
347,93172097113761,68550391,24225,161
348,93172171690058,74576297,20554,74
349,93172242674312,70984254,29320,136
350,93172315782247,73107935,64615,103
351,93172389389850,73607603,9754,26
352,93172457860204,68470354,60524,108
353,93172529248834,71388630,14914,66
354,93172604458477,75209643,54765,237
355,93172678825118,74366641,38046,158
356,93172750434967,71609849,17047,151
357,93172819278586,68843619,47866,250
358,93172896039396,76760810,484,228
359,93172966903905,70864509,20577,97
360,93173040218814,73314909,702,190
361,93173115270244,75051430,13412,100
362,93173186819860,71549616,63252,20
363,93173255907791,69087931,10703,207
364,93173332783498,76875707,12682,138
365,93173406861979,74078481,35483,155
366,93173478342163,71480184,15891,19
367,93173547343080,69000917,7400,232
368,93173618442709,71099629,469,213
369,93173691346948,72904239,28676,4
370,93173766584631,75237683,31031,55
371,93173836791836,70207205,49180,28
372,93173909786916,72995080,37156,36
373,93173982700218,72913302,8890,186
374,93174057409086,74708868,6718,62
375,93174129546823,72137737,54855,71
376,93174201416755,71869932,31795,51
377,93174274363607,72946852,37079,215
378,93174344184232,69820625,61864,168
379,93174417454403,73270171,62787,67
380,93174489405314,71950911,55170,130
381,93174563500064,74094750,28704,32
382,93174635957310,72457246,3134,62
383,93174707728574,71771264,12478,190
384,93174779805953,72077379,257,1
385,93174851473514,71667561,36970,106
386,93174922135870,70662356,51518,62
387,93174998391427,76255557,23171,131
388,93175072041337,73649910,10617,121
389,93175143961510,71920173,37798,166
390,93175217216074,73254564,23114,74
391,93175290167103,72951029,32575,63
392,93175362644167,72477064,26823,199
393,93175433557235,70913068,29939,243
394,93175507621732,74064497,38756,100
395,93175582847422,75225690,29118,190
396,93175654184592,71337170,63120,144
397,93175726855384,72670792,54488,216
398,93175796251602,69396218,48082,210
399,93175868598221,72346619,42957,205
400,93175940046042,71447821,56538,218
401,93176016015566,75969524,4302,206
402,93176087330899,71315333,16467,83
403,93176161563423,74232524,62239,31
404,93176237955587,76392164,39427,3
405,93176307354294,69398707,35510,182
406,93176379118982,71764688,38278,134
407,93176449176449,70057467,37761,129
408,93176523291455,74115006,31551,63
409,93176592523140,69231685,57220,132
410,93176665856729,73333589,56025,217
411,93176739665274,73808545,5498,122
412,93176811985033,72319759,39049,137
413,93176884861582,72876549,39566,142
414,93176954670358,69808776,52502,22
415,93177028850838,74180480,46230,150
416,93177101658429,72807591,43325,61
417,93177174875845,73217416,57029,197
418,93177248635747,73759902,23395,99
419,93177319558278,70922531,35974,134
420,93177390588652,71030374,25324,236
421,93177463562157,72973505,57261,173
422,93177538972512,75410355,35680,96
423,93177611165309,72192797,7805,125
424,93177681232206,70066897,16718,78
425,93177757342802,76110596,40018,82
426,93177830243126,72900324,64310,54
427,93177901595331,71352205,47811,195
428,93177971564456,69969125,24488,168
429,93178049573545,78009089,45737,169
430,93178121873301,72299756,59285,149
431,93178188466116,66592815,1988,196
432,93178263234776,74768660,59608,216
433,93178334138969,70904193,53849,89
434,93178406789123,72650154,24579,3
435,93178485197205,78408082,51605,149
436,93178556791622,71594417,15174,70
437,93178626304025,69512403,59417,25
438,93178697245976,70941951,25880,24
439,93178769659754,72413778,22378,106
440,93178841940469,72280715,16885,245
441,93178915475884,73535415,20908,172
442,93178987067822,71591938,47534,174
443,93179065472443,78404621,5563,187
444,93179133312184,67839741,15544,184
445,93179209485860,76173676,36388,36
446,93179279438740,69952880,62356,148
447,93179354391782,74953042,42214,230
448,93179423305304,68913522,11864,88
449,93179497580471,74275167,34743,183
450,93179567661384,70080913,57672,72
451,93179641702136,74040752,42744,248
452,93179713959015,72256879,13415,103
453,93179786910966,72951951,23798,246
454,93179856946134,70035168,982,214
455,93179930778930,73832796,40242,50
456,93180004761406,73982476,32574,62
457,93180072352355,67590949,55907,99
458,93180146815071,74462716,4191,95
459,93180219992410,73177339,43354,90
460,93180293274792,73282382,56488,168
461,93180366421902,73147110,65422,142
462,93180438651921,72230019,9233,17
463,93180513291951,74640030,3759,175
464,93180587689226,74397275,17674,10
465,93180659753532,72064306,57916,60
466,93180727136274,67382742,4114,18
467,93180806718650,79582376,25786,186
468,93180872885395,66166745,1171,147
469,93180945452341,72566946,19765,53
470,93181019225982,73773641,65406,126
471,93181090093084,70867102,22556,28
472,93181163608497,73515413,6577,177
473,93181237980684,74372187,60940,12
474,93181309059691,71079007,33387,107
475,93181385061844,76002153,13780,212
476,93181456341109,71279265,55413,117
477,93181529503607,73162498,14199,119
478,93181600193542,70689935,56326,6
479,93181672472024,72278482,48600,216
480,93181747325818,74853794,60282,122
481,93181816789173,69463355,55477,181
482,93181890294600,73505427,29512,72
483,93181960708434,70413834,57682,82
484,93182035616893,74908459,58493,125
485,93182106251329,70634436,45121,65
486,93182178428579,72177250,1699,163
487,93182253167034,74738455,29114,186
488,93182324192753,71025719,13809,241
489,93182396298658,72105905,30114,162
490,93182473094910,76796252,18174,254
491,93182541636514,68541604,9122,162
492,93182614590448,72953934,21488,240
493,93182686675344,72084896,16784,144
494,93182759058591,72383247,48287,159
495,93182831897988,72839397,11652,132
496,93182905130829,73232841,40781,77
497,93182976757922,71627093,37026,162
498,93183052192699,75434777,39867,187
499,93183122554417,70361718,15921,49
500,93183194884940,72330523,60236,76
501,93183269099491,74214551,22499,227
502,93183342344270,73244779,63566,78
503,93183412477257,70132987,7497,73
504,93183487520051,75042794,11571,51
505,93183561944508,74424457,52668,188
506,93183631268927,69324419,39999,63
507,93183705312364,74043437,27756,108
508,93183778363667,73051303,6419,19
509,93183850951309,72587642,45709,141
510,93183921860791,70909482,45239,183
511,93183995971313,74110522,34545,241
512,93184066010871,70039558,16119,247
513,93184138126525,72115654,42173,189
514,93184214150852,76024327,44740,196
515,93184283692772,69541920,52964,228
516,93184357261349,73568577,24613,37
517,93184429145132,71883783,15404,44
518,93184501058329,71913197,35609,25
519,93184573173034,72114705,60714,42
520,93184650554123,77381089,43787,11
521,93184725147790,74593667,57486,142
522,93184790072451,64924661,35971,131
523,93184863350612,73278161,44884,84
524,93184935669058,72318446,11586,66
525,93185013210247,77541189,23687,135
526,93185079880768,66670521,44096,64
527,93185154913256,75032488,37864,232
528,93185227537606,72624350,48326,198
529,93185301158916,73621310,7172,4
530,93185370594381,69435465,40013,77
531,93185442761964,72167583,52460,236
532,93185518258256,75496292,51280,80
533,93185591246073,72987817,31993,249
534,93185667282303,76036230,46463,127
535,93185735399683,68117380,6403,3
536,93185807517858,72118175,34978,162
537,93185880451873,72934015,27425,33
538,93185955009401,74557528,4985,121
539,93186024825026,69815625,24770,194
540,93186095800589,70975563,24845,13
541,93186168314400,72513811,55840,32
542,93186242342926,74028526,28686,14
543,93186315175247,72832321,50511,79
544,93186389069719,73894472,20375,151
545,93186460714219,71644500,34027,235
546,93186532781098,72066879,11306,42
547,93186604688629,71907531,25845,245
548,93186678521326,73832697,65006,238
549,93186749372069,70850743,5797,165
550,93186823542455,74170386,54967,183
551,93186895467184,71924729,21168,176
552,93186970581580,75114396,31308,76
553,93187038554615,67973035,43511,247
554,93187113759698,75205083,13266,210
555,93187184661573,70901875,5189,69
556,93187259253491,74591918,17139,243
557,93187331649917,72396426,61821,125
558,93187399563208,67913291,14280,200
559,93187471875039,72311831,39903,223
560,93187546680068,74805029,2820,4
561,93187620537770,73857702,1450,170
562,93187694078564,73540794,10852,100
563,93187765095103,71016539,51903,191
564,93187839090861,73995758,57517,173
565,93187916252158,77161297,17406,254
566,93187984628876,68376718,40076,140
567,93188058506740,73877864,58868,244
568,93188127669091,69162351,15203,99
569,93188201488650,73819559,41226,10
570,93188272939615,71450965,57951,95
571,93188349579117,76639502,20333,109
572,93188415460815,65881698,38351,207
573,93188491353679,75892864,40527,79
574,93188563096145,71742466,21073,81
575,93188635192100,72095955,27428,36
576,93188707189721,71997621,985,217
577,93188779143360,71953639,61632,192
578,93188855167366,76024006,63878,134
579,93188926317340,71149974,41756,28
580,93189002937647,76620307,50479,47
581,93189072487345,69549698,945,177
582,93189144246585,71759240,63801,57
583,93189216528537,72281952,59545,153
584,93189287354947,70826410,41539,67
585,93189360516440,73161493,64856,88
586,93189431922633,71406193,36809,201
587,93189505898811,73976178,22843,59
588,93189579042253,73143442,28109,205
589,93189658508521,79466268,64745,233
590,93189727435364,68926843,47716,100
591,93189802434419,74999055,8051,115
592,93189871344790,68910371,40086,150
593,93189942611380,71266590,3508,180
594,93190012696273,70084893,30417,209
595,93190089164548,76468275,18180,4
596,93190159292371,70127823,22483,211
597,93190231349704,72057333,55752,200
598,93190305031003,73681299,9051,91
599,93190376951672,71920669,36728,120
600,93190451023697,74072025,53073,81
601,93190524714941,73691244,16317,189
602,93190593743706,69028765,35674,90
603,93190668176508,74432802,19580,124
604,93190740867835,72691327,31483,251
605,93190814185584,73317749,14448,112
606,93190885273675,71088091,61515,75
607,93190956062463,70788788,5887,255
608,93191026655671,70593208,16823,183
609,93191104403059,77747388,38515,115
610,93191175380561,70977502,40529,81
611,93191246182132,70801571,63220,244
612,93191322586903,76404771,53015,23
613,93191394578476,71991573,20524,44
614,93191465050345,70471869,41193,233
615,93191535952518,70902173,33414,134
616,93191610018738,74066220,43954,178
617,93191683734218,73715480,31434,202
618,93191754290571,70556353,5515,139
619,93191826237579,71947008,59531,139
620,93191901434164,75196585,20788,52
621,93191972818101,71383937,36021,181
622,93192044751832,71933731,11224,216
623,93192117478440,72726608,58408,40
624,93192189812787,72334347,41011,51
625,93192265380291,75567504,45507,195
626,93192335090806,69710515,25718,118
627,93192408884388,73793582,25764,164
628,93192479781544,70897156,12968,168
629,93192554709827,74928283,33603,67
630,93192626182064,71472237,6064,176
631,93192698697890,72515826,39074,162
632,93192771021463,72323573,10903,151
633,93192842133621,71112158,16501,117
634,93192915634093,73500472,51117,173
635,93192989895228,74261135,59964,60
636,93193062479139,72583911,29987,35
637,93193134697613,72218474,27789,141
638,93193206132135,71434522,28071,167
639,93193277796194,71664059,61282,98
640,93193351976220,74180026,54556,28
641,93193421569753,69593533,48857,217
642,93193497214331,75644578,64891,123
643,93193565387129,68172798,14713,121
644,93193639418322,74031193,55762,210
645,93193714208975,74790653,4303,207
646,93193787561378,73352403,21922,162
647,93193860751026,73189648,7858,178
648,93193932660609,71909583,24449,129
649,93194003275523,70614914,57091,3
650,93194076308890,73033367,17818,154
651,93194151886312,75577422,32232,232
652,93194220068645,68182333,57125,37
653,93194292678047,72609402,52639,159
654,93194373861850,81183803,37338,218
655,93194440383610,66521760,40058,122
656,93194510751837,70368227,22621,93
657,93194583575733,72823896,36021,181
658,93194657736769,74161036,10305,65
659,93194729135863,71399094,40695,247
660,93194803724337,74588474,49201,49
661,93194873018397,69294060,6173,29
662,93194950703974,77685577,31590,102
663,93195024561422,73857448,29966,14
664,93195096890119,72328697,6919,7
665,93195164473797,67583678,22981,197
666,93195237440443,72966646,48059,187
667,93195309131043,71690600,42275,35
668,93195381944080,72813037,44816,16
669,93195454892977,72948897,52145,177
670,93195528380284,73487307,8060,124
671,93195600321264,71940980,56048,240
672,93195672778954,72457690,30922,202
673,93195748334990,75556036,23950,142
674,93195818548588,70213598,48492,108
675,93195889415386,70866798,5338,218
676,93195962836922,73421536,26554,186
677,93196038092000,75255078,46304,224
678,93196114094502,76002502,27046,166
679,93196187022428,72927926,13404,92
680,93196261045700,74023272,46532,196
681,93196326795859,65750159,64083,83
682,93196399247166,72451307,32574,62
683,93196469615768,70368602,15512,152
684,93196543719516,74103748,63580,92
685,93196617170566,73451050,48774,134
686,93196689353322,72182756,10858,106
687,93196759991930,70638608,1658,122
688,93196835039038,75047108,10046,62
689,93196903804096,68765058,27840,192
690,93196978582505,74778409,29673,233
691,93197051353763,72771258,55971,163
692,93197124132056,72778293,23768,216
693,93197193897800,69765744,59208,72
694,93197268691790,74793990,11086,78
695,93197341293130,72601340,64074,74
696,93197415316971,74023841,32235,235
697,93197485640731,70323760,35867,27
698,93197557720814,72080083,26350,238
699,93197632207048,74486234,63688,200
700,93197705108417,72901369,23489,193
701,93197775709216,70600799,42016,32
702,93197849886710,74177494,32758,246
703,93197921767553,71880843,20609,129
704,93197994743346,72975793,54834,50
705,93198065981999,71238653,55855,47
706,93198142214975,76232976,4927,63
707,93198211987764,69772789,47412,52
708,93198284800380,72812616,49532,124
709,93198357814047,73013667,56095,31
710,93198430338818,72524771,32514,2
711,93198500380404,70041586,16116,244
712,93198573984536,73604132,23320,24
713,93198646330992,72346456,18032,112
714,93198719399125,73068133,13525,213
715,93198791899641,72500516,31225,249
716,93198863183090,71283449,11506,242
717,93198944184521,81001431,10441,201
718,93199009088517,64903996,33797,5
719,93199081490684,72402167,18684,252
720,93199154578678,73087994,34038,246
721,93199225518804,70940126,64212,212
722,93199302091802,76572998,25626,26
723,93199371015390,68923588,5342,222
724,93199441009382,69993992,6886,230
725,93199517313784,76304402,27384,248
726,93199592800118,75486334,16246,118
727,93199661636192,68836074,39520,96
728,93199734494516,72858324,21812,52
729,93199807683949,73189433,7533,109
730,93199879505622,71821673,1750,214
731,93199952853540,73347918,14884,36
732,93200023365510,70511970,10118,134
733,93200096423651,73058141,61155,227
734,93200172733220,76309569,21284,36
735,93200243487421,70754201,62141,189
736,93200314492217,71004796,25913,57
737,93200387480084,72987867,6676,20
738,93200461525621,74045537,62069,117
739,93200531616736,70091115,29664,224
740,93200604705028,73088292,45316,4
741,93200677210225,72505197,2161,113
742,93200751349634,74139409,20354,130
743,93200822781332,71431698,17812,148
744,93200900896281,78114949,13849,25
745,93200968456966,67560685,6918,6
746,93201040652038,72195072,46854,6
747,93201113488152,72836114,6936,24
748,93201185790961,72302809,23537,241
749,93201260707485,74916524,32413,157
750,93201330835773,70128288,37181,61
751,93201405629577,74793804,54409,137
752,93201476410271,70780694,56223,159
753,93201548162074,71751803,46106,26
754,93201619835170,71673096,22818,34
755,93201694550582,74715412,27190,54
756,93201765973377,71422795,15745,129
757,93201835687009,69713632,64609,97
758,93201909204418,73517409,50626,194
759,93201982607406,73402988,53294,46
760,93202057107448,74500042,38904,248
761,93202130849635,73742187,53091,99
762,93202200753442,69903807,29986,34
763,93202274035996,73282554,43292,28
764,93202345847947,71811951,27787,139
765,93202420441625,74593678,41497,25
766,93202490357220,69915595,30180,228
767,93202562676654,72319434,63406,174
768,93202638072343,75395689,27159,23
769,93202706581564,68509221,51260,60
770,93202781150035,74568471,39763,83
771,93202852318849,71168814,36481,129
772,93202924792257,72473408,27073,193
773,93202996468445,71676188,6877,221
774,93203075624294,79155849,60774,102
775,93203151666506,76042212,15690,74
776,93203214753270,63086764,56822,246
777,93203288902220,74148950,19020,76
778,93203361207445,72305225,38037,149
779,93203435276001,74068556,50913,225
780,93203508504272,73228271,9936,208
781,93203578882335,70378063,2335,31
782,93203652911777,74029442,41633,161
783,93203727247851,74336074,59883,235
784,93203796017877,68770026,17109,213
785,93203870046290,74028413,55378,82
786,93203945606788,75560498,52868,132
787,93204013513025,67906237,63809,65
788,93204089185246,75672221,41950,222
789,93204159633123,70447877,38627,227
790,93204232346628,72713505,7172,4
791,93204304333987,71987359,36003,163
792,93204376485409,72151422,32289,33
793,93204451843704,75358295,24184,120
794,93204525799834,73956130,55706,154
795,93204599009926,73210092,62086,134
796,93204667479007,68469081,46047,223
797,93204738687541,71208534,16949,53
798,93204814354416,75666875,55280,240
799,93204884772720,70418304,22384,112
800,93204958077822,73305102,58238,126
801,93205029958460,71880638,45884,60
802,93205103963504,74005044,60784,112
803,93205174336995,70373491,48611,227
804,93205248587132,74250137,46460,124
805,93205321981637,73394505,40645,197
806,93205394089957,72108320,59365,229
807,93205464077430,69987473,54390,118
808,93205539569778,75492348,49266,114
809,93205611993143,72423365,55351,55
810,93205683090253,71097110,45901,77
811,93205754572042,71481789,27914,10
812,93205825884146,71312104,36850,242
813,93205901433891,75549745,23587,35
814,93205973896448,72462557,3328,0
815,93206046724550,72828102,20934,198
816,93206120445731,73721181,14115,35
817,93206190807355,70361624,55611,59
818,93206262481735,71674380,33607,71
819,93206335824789,73343054,41877,149
820,93206408215115,72390326,14923,75
821,93206478442079,70226964,52831,95
822,93206554773114,76331035,34426,122
823,93206629539841,74766727,24577,1
824,93206711425384,81885543,55656,104
825,93206776788506,65363122,13850,26
826,93206844897171,68108665,30611,147
827,93206915506199,70609028,57367,23
828,93206987210439,71704240,65223,199
829,93207063731156,76520717,39892,212
830,93207133773194,70042038,23946,138
831,93207205284276,71511082,35252,180
832,93207276936766,71652490,56894,62
833,93207348672698,71735932,30906,186
834,93207425259594,76586896,6218,74
835,93207495407764,70148170,30868,148
836,93207569676383,74268619,47199,95
837,93207642463927,72787544,24247,183
838,93207715847682,73383755,7682,2
839,93207790299041,74451359,10145,161
840,93207860569727,70270686,26239,127
841,93207931542374,70972647,23398,102
842,93208007902877,76360503,34461,157
843,93208077892846,69989969,31982,238
844,93208153411007,75518161,52671,191
845,93208225071476,71660469,16756,116
846,93208295542600,70471124,36680,72
847,93208369449813,73907213,19285,85
848,93208440306321,70856508,31377,145
849,93208513225858,72919537,9346,130
850,93208583719907,70494049,52195,227
851,93208657137128,73417221,3560,232
852,93208728764114,71626986,65234,210
853,93208803010050,74245936,58882,2
854,93208875803005,72792955,41341,125
855,93208946338248,70535243,59848,200
856,93209018994208,72655960,36384,32
857,93209093314133,74319925,38485,85
858,93209162420288,69106155,4160,64
859,93209237794941,75374653,12413,125
860,93209310126754,72331813,58018,162
861,93209382918652,72791898,39420,252
862,93209456360209,73441557,15121,17
863,93209529768726,73408517,23318,22
864,93209600927906,71159180,10402,162
865,93209674053847,73125941,63703,215
866,93209744068162,70014315,20034,66
867,93209817382755,73314593,65379,99
868,93209888579789,71197034,24781,205
869,93209965501801,76922012,7529,105
870,93210036287745,70785944,14593,1
871,93210107514007,71226262,3223,151
872,93210179684791,72170784,18871,183
873,93210253089583,73404792,23343,47
874,93210324406370,71316787,36962,98
875,93210397421850,73015480,45338,26
876,93210473839058,76417208,47570,210
877,93210544409564,70570506,35804,220
878,93210612142760,67733196,4776,168
879,93210688487869,76345109,445,189
880,93210768129103,79641234,15439,79
881,93210835714191,67585088,32911,143
882,93210904332751,68618560,35279,207
883,93210978968946,74636195,25970,114
884,93211052157844,73188898,11156,148
885,93211126930532,74772688,7268,100
886,93211194810189,67879657,57165,77
887,93211268632312,73822123,20216,248
888,93211341131988,72499676,37076,212
889,93211419750386,78618398,12274,242
890,93211488803993,69053607,56473,153
891,93211558678334,69874341,3902,62
892,93211630218847,71540513,44639,95
893,93211706562183,76343336,38535,135
894,93211789386055,82823872,24903,71
895,93211849534288,60148233,11088,80
896,93211921796597,72262309,52725,245
897,93211996309921,74513324,51617,161
898,93212067679255,71369334,52247,23
899,93212142877397,75198142,15061,213
900,93212210813581,67936184,55949,141
901,93212287115039,76301458,7967,31
902,93212358870056,71755017,1064,40
903,93212429413797,70543741,28069,165
904,93212505568486,76154689,29926,230
905,93212574541848,68973362,59416,24
906,93212646836541,72294693,2365,61
907,93212719445908,72609367,63380,148
908,93212794596456,75150548,44136,104
909,93212862244965,67648509,59493,101
910,93212937958035,75713070,12947,147
911,93213010075423,72117388,40735,31
912,93213081900382,71824959,38238,94
913,93213151661731,69761349,3747,163
914,93213230015263,78353532,41759,31
915,93213299248906,69233643,3850,10
916,93213375352709,76103803,20357,133
917,93213444626943,69274234,23039,255
918,93213515733155,71106212,22691,163
919,93213591200096,75466941,57696,96
920,93213665544606,74344510,18846,158
921,93213733934336,68389730,54528,0
922,93213807685486,73751150,12142,110
923,93213881471141,73785655,4261,165
924,93213949002703,67531562,33743,207
925,93214023797795,74795092,52259,35
926,93214096952177,73154382,2929,113
927,93214170249297,73297120,30801,81
928,93214241011897,70762600,14521,185
929,93214318490503,77478606,29575,135
930,93214393954713,75464210,61849,153
931,93214459893492,65938779,5876,244
932,93214532936807,73043315,42087,103
933,93214609186630,76249823,8006,70
934,93214680168204,70981574,14092,12
935,93214751756273,71588069,36849,241
936,93214823511822,71755549,30478,14
937,93214894950733,71438911,35149,77
938,93214966913299,71962566,39187,19
939,93215042543765,75630466,41109,149
940,93215114247975,71704210,48935,39
941,93215182703761,68455786,19601,145
942,93215257904048,75200287,50096,176
943,93215329859728,71955680,47248,144
944,93215405296909,75437181,52493,13
945,93215474018163,68721254,26483,115
946,93215546420535,72402372,11575,55
947,93215621714729,75294194,4905,41
948,93215691860942,70146213,27598,206
949,93215768070688,76209746,18976,32
950,93215837840210,69769522,58194,82
951,93215910933714,73093504,13522,210
952,93215983050504,72116790,40712,8
953,93216054957906,71907402,55122,82
954,93216128249554,73291648,11986,210
955,93216200570031,72320477,46255,175
956,93216273788763,73218732,61275,91
957,93216346093956,72305193,14724,132
958,93216418868890,72774934,44698,154
959,93216493532919,74664029,63223,247
960,93216566648831,73115912,40959,255
961,93216636897926,70249095,35462,134
962,93216708319277,71421351,22573,45
963,93216784289781,75970504,36853,245
964,93216858312705,74022924,4097,1
965,93216928937628,70624923,46748,156
966,93217000478313,71540685,22121,105
967,93217073923839,73445526,1791,255
968,93217143694472,69770633,42120,136
969,93217219254414,75559942,39054,142
970,93217289509225,70254811,39273,105
971,93217363358345,73849120,29321,137
972,93217432453862,69095517,49894,230
973,93217505278990,72825128,64526,14
974,93217582041247,76762257,18591,159
975,93217652904346,70863099,37274,154
976,93217726090916,73186570,20132,164
977,93217797980911,71889995,17135,239
978,93217868948130,70967219,8866,162
979,93217942325161,73377031,51113,169
980,93218018804649,76479488,50089,169
981,93218091840914,73036265,13714,146
982,93218157836498,65995584,14546,210
983,93218234206341,76369843,34949,133
984,93219280707760,1046501419,57520,176
985,93220488768186,1208060426,27322,186
986,93220560829713,72061527,64785,17
987,93220624699347,63869634,36819,211
988,93220699383095,74683748,9527,55
989,93220772794811,73411716,20923,187
990,93220843067271,70272460,38791,135
991,93220920322868,77255597,27444,52
992,93220991489542,71166674,22022,6
993,93221060005085,68515543,52445,221
994,93221136036018,76030933,61618,178
995,93221207997919,71961901,64991,223
996,93221278618847,70620928,38111,223
997,93221348680584,70061737,41864,136
998,93221425765952,77085368,56896,64
999,93221499840618,74074666,10346,106
