trial,tsc,delta,low8
0,9005897784056,0,248
1,9006449019900,551235844,252
2,9006759337054,310317154,94
3,9007282217837,522880783,109
4,9008094914983,812697146,167
5,9009305242776,1210327793,152
6,9009377208369,71965593,49
7,9009449316798,72108429,190
8,9009521895342,72578544,174
9,9009609551193,87655851,89
10,9009875641197,266090004,109
11,9011071991004,1196349807,220
12,9011141094668,69103664,12
13,9011213550803,72456135,211
14,9011286169431,72618628,87
15,9011358162304,71992873,128
16,9011437736159,79573855,223
17,9011507804740,70068581,68
18,9011580300582,72495842,38
19,9011649051464,68750882,72
20,9011727183003,78131539,155
21,9011795978081,68795078,97
22,9011867551817,71573736,73
23,9011939594041,72042224,57
24,9012012827131,73233090,251
25,9012086361580,73534449,236
26,9012158998296,72636716,24
27,9012236672718,77674422,206
28,9012303484556,66811838,140
29,9012375241301,71756745,85
30,9012450820372,75579071,20
31,9012523458729,72638357,169
32,9012597400056,73941327,248
33,9012664764929,67364873,1
34,9012742812892,78047963,220
35,9012811665738,68852846,74
36,9012883798042,72132304,26
37,9012955596602,71798560,58
38,9013028377165,72780563,77
39,9013099608526,71231361,206
40,9013175485979,75877453,27
41,9013245169753,69683774,89
42,9013326344573,81174820,125
43,9013392684017,66339444,241
44,9013462815979,70131962,235
45,9013538703224,75887245,120
46,9013610413768,71710544,200
47,9013680882471,70468703,39
48,9013753437625,72555154,185
49,9013826078844,72641219,124
50,9013902461703,76382859,7
51,9013972422770,69961067,114
52,9014046728052,74305282,116
53,9014115573331,68845279,83
54,9014188756110,73182779,142
55,9014266855889,78099779,209
56,9014337125799,70269910,167
57,9014407686650,70560851,250
58,9014478129910,70443260,246
59,9014551230064,73100154,112
60,9014625632722,74402658,210
61,9014696766937,71134215,217
62,9014770786895,74019958,79
63,9014842731439,71944544,175
64,9014914078939,71347500,219
65,9014990445166,76366227,110
66,9015062038115,71592949,99
67,9015135310840,73272725,248
68,9015202991307,67680467,203
69,9015276386194,73394887,146
70,9015353194757,76808563,5
71,9015425708492,72513735,204
72,9015496024569,70316077,249
73,9015568123039,72098470,159
74,9015640893197,72770158,13
75,9015719848972,78955775,12
76,9015785218999,65370027,183
77,9015858413169,73194170,113
78,9015929727173,71314004,197
79,9016002125478,72398305,166
80,9016075028708,72903230,228
81,9016146355677,71326969,221
82,9016219122753,72767076,65
83,9016292776587,73653834,139
84,9016364759637,71983050,85
85,9016438979440,74219803,112
86,9016509450406,70470966,166
87,9016582335973,72885567,229
88,9016655656485,73320512,37
89,9016726738214,71081729,38
90,9016803268720,76530506,112
91,9016874627331,71358611,3
92,9016944004914,69377583,50
93,9017017598778,73593864,58
94,9017094290695,76691917,7
95,9017184905187,90614492,227
96,9017236534955,51629768,171
97,9017309064864,72529909,160
98,9017380510998,71446134,22
99,9017469681011,89170013,115
100,9017530004937,60323926,201
101,9017599573088,69568151,96
102,9017675717676,76144588,44
103,9017742701745,66984069,177
104,9017818617876,75916131,20
105,9017892175689,73557813,73
106,9017962937727,70762038,127
107,9018038452336,75514609,112
108,9018107042426,68590090,122
109,9018177641706,70599280,234
110,9018252972629,75330923,85
111,9018326229351,73256722,103
112,9018404523596,78294245,76
113,9018468215754,63692158,202
114,9018542073113,73857359,25
115,9018619128322,77055209,2
116,9018690891263,71762941,255
117,9018760464920,69573657,24
118,9018831177117,70712197,157
119,9018909985936,78808819,144
120,9018982955375,72969439,111
121,9019052648064,69692689,128
122,9019124234108,71586044,124
123,9019195762187,71528079,11
124,9019266973666,71211479,226
125,9019340656151,73682485,23
126,9019415891622,75235471,166
127,9019490521372,74629750,28
128,9019556291298,65769926,226
129,9019629482748,73191450,252
130,9019709698392,80215644,88
131,9019775944919,66246527,215
132,9019848485520,72540601,144
133,9019921730798,73245278,238
134,9019993021193,71290395,9
135,9020070151255,77130062,87
136,9020138980690,68829435,82
137,9020209782760,70802070,232
138,9020284722854,74940094,166
139,9020355159601,70436747,49
140,9020430720544,75560943,32
141,9020503297427,72576883,147
142,9020579547213,76249786,77
143,9020647260043,67712830,139
144,9020717631884,70371841,140
145,9020796166080,78534196,192
146,9020864899443,68733363,115
147,9020934454123,69554680,107
148,9021007416868,72962745,36
149,9021078739447,71322579,247
150,9021156363284,77623837,20
151,9021227298496,70935212,192
152,9021306295938,78997442,130
153,9021371100919,64804981,247
154,9021445766352,74665433,208
155,9021526821434,81055082,58
156,9021591253902,64432468,142
157,9021661153468,69899566,188
158,9021732317457,71163989,17
159,9021806262467,73945010,195
160,9021882937341,76674874,253
161,9021954162334,71224993,158
162,9022025507651,71345317,67
163,9022099910998,74403347,86
164,9022170729712,70818714,240
165,9022247402569,76672857,73
166,9022318652862,71250293,190
167,9022390420541,71767679,61
168,9022462103814,71683273,6
169,9022532002828,69899014,12
170,9022608144969,76142141,73
171,9022684261841,76116872,209
172,9022749419283,65157442,19
173,9022824462336,75043053,0
174,9022895304208,70841872,16
175,9022970671882,75367674,10
176,9023047964062,77292180,158
177,9023116575535,68611473,47
178,9023186110965,69535430,245
179,9023258147045,72036080,229
180,9023331282048,73135003,128
181,9023400027401,68745353,9
182,9023476223435,76196034,203
183,9023548339847,72116412,135
184,9023619770690,71430843,66
185,9023694486691,74716001,163
186,9023772789898,78303207,138
187,9023842228569,69438671,89
188,9023913096036,70867467,100
189,9023983810379,70714343,75
190,9024058750994,74940615,18
191,9024135355353,76604359,217
192,9024203682860,68327507,44
193,9024275266791,71583931,231
194,9024347910163,72643372,19
195,9024421602083,73691920,35
196,9024492075414,70473331,150
197,9024569800864,77725450,160
198,9024637110495,67309631,223
199,9024709496630,72386135,54
200,9024783876063,74379433,223
201,9024856610845,72734782,29
202,9024930960029,74349184,157
203,9025000715940,69755911,164
204,9025070918259,70202319,115
205,9025148321950,77403691,158
206,9025221722847,73400897,223
207,9025290519309,68796462,13
208,9025360664850,70145541,18
209,9025433119522,72454672,34
210,9025508564709,75445187,229
211,9025583012377,74447668,25
212,9025654244710,71232333,102
213,9025723929639,69684929,39
214,9025803761487,79831848,79
215,9025874723085,70961598,13
216,9025944378956,69655871,76
217,9026017529913,73150957,57
218,9026085871739,68341826,123
219,9026158492885,72621146,213
220,9026240525210,82032325,154
221,9026305570927,65045717,111
222,9026379596917,74025990,117
223,9026450408412,70811495,220
224,9026521780679,71372267,199
225,9026597745319,75964640,167
226,9026670035751,72290432,39
227,9026744428910,74393159,110
228,9026812343421,67914511,125
229,9026884143444,71800023,84
230,9026960294799,76151355,143
231,9027032976058,72681259,186
232,9027105366168,72390110,152
233,9027174583524,69217356,228
234,9027247877543,73294019,167
235,9027322813019,74935476,91
236,9027400684729,77871710,185
237,9027468296853,67612124,149
238,9027541377128,73080275,104
239,9027611563110,70185982,102
240,9027685057110,73494000,86
241,9027757822246,72765136,38
242,9027833318880,75496634,224
243,9027899463876,66144996,196
244,9027973035794,73571918,18
245,9028048781532,75745738,220
246,9028124747755,75966223,235
247,9028189860763,65113008,155
248,9028265442953,75582190,137
249,9028339004425,73561472,9
250,9028414028745,75024320,201
251,9028483220472,69191727,248
252,9028558492081,75271609,177
253,9028627246092,68754011,12
254,9028697772786,70526694,242
255,9028776377420,78604634,76
256,9028843496994,67119574,34
257,9028916560894,73063900,254
258,9028991510916,74950022,132
259,9029064295371,72784455,203
260,9029140242269,75946898,93
261,9029212260238,72017969,142
262,9029283417831,71157593,231
263,9029355036378,71618547,218
264,9029424767370,69730992,138
265,9029499647965,74880595,221
266,9029569955677,70307712,93
267,9029641638543,71682866,143
268,9029714406631,72768088,231
269,9029791305069,76898438,109
270,9029864037102,72732033,238
271,9029932863142,68826040,166
272,9030007377560,74514418,152
273,9030076782858,69405298,10
274,9030149898189,73115331,205
275,9030225436385,75538196,225
276,9030294232275,68795890,211
277,9030367623045,73390770,133
278,9030439414619,71791574,91
279,9030512450471,73035852,167
280,9030585570960,73120489,144
281,9030657596204,72025244,44
282,9030732728509,75132305,189
283,9030803044725,70316216,117
284,9030878627997,75583272,157
285,9030952363524,73735527,4
286,9031019687760,67324236,80
287,9031093253566,73565806,190
288,9031165555688,72302122,232
289,9031237370154,71814466,42
290,9031315050533,77680379,37
291,9031383049638,67999105,166
292,9031456330005,73280367,21
293,9031530383420,74053415,60
294,9031601024665,70641245,153
295,9031674408358,73383693,166
296,9031743550526,69142168,62
297,9031821334215,77783689,199
298,9031890003795,68669580,83
299,9031965326344,75322549,8
300,9032041442907,76116563,91
301,9032108661815,67218908,55
302,9032182367598,73705783,110
303,9032258102657,75735059,129
304,9032325942841,67840184,57
305,9032402861935,76919094,111
306,9032474331951,71470016,47
307,9032544004386,69672435,34
308,9032615493265,71488879,145
309,9032692348868,76855603,196
310,9032767256339,74907471,19
311,9032838106210,70849871,98
312,9032909107878,71001668,166
313,9032984611757,75503879,173
314,9033050488000,65876243,192
315,9033123992722,73504722,146
316,9033200016475,76023753,91
317,9033273350831,73334356,175
318,9033344882842,71532011,154
319,9033412995485,68112643,157
320,9033489660416,76664931,0
321,9033559369042,69708626,82
322,9033632284159,72915117,255
323,9033707066458,74782299,90
324,9033776059356,68992898,220
325,9033854958946,78899590,98
326,9033924203823,69244877,47
327,9033995428098,71224275,2
328,9034065571127,70143029,55
329,9034140769541,75198414,5
330,9034215185607,74416066,199
331,9034289474274,74288667,226
332,9034357302073,67827799,57
333,9034431077238,73775165,118
334,9034508381274,77304036,90
335,9034578567419,70186145,251
336,9034646441773,67874354,45
337,9034721864062,75422289,126
338,9034792624858,70760796,218
339,9034868370261,75745403,85
340,9034946424939,78054678,107
341,9035015108699,68683760,91
342,9035085982649,70873950,185
343,9035158972493,72989844,77
344,9035227692150,68719657,118
345,9035305468216,77776066,56
346,9035378537495,73069279,23
347,9035449159754,70622259,74
348,9035520196605,71036851,253
349,9035590497450,70300845,170
350,9035665868742,75371292,198
351,9035741237691,75368949,187
352,9035809161287,67923596,71
353,9035881911613,72750326,61
354,9035953254593,71342980,193
355,9036030178847,76924254,31
356,9036097272531,67093684,211
357,9036171805858,74533327,162
358,9036242972373,71166515,213
359,9036314390473,71418100,201
360,9036388666142,74275669,30
361,9036461013249,72347107,1
362,9036534535743,73522494,63
363,9036780974163,246438420,83
364,9037253642975,472668812,223
365,9038458445208,1204802233,152
366,9038531411763,72966555,51
367,9038603107510,71695747,182
368,9038677326685,74219175,93
369,9038746555927,69229242,23
370,9038818353095,71797168,199
371,9038893251489,74898394,161
372,9038964815761,71564272,145
373,9039038375530,73559769,106
374,9039110295461,71919931,165
375,9039181539990,71244529,150
376,9039255154369,73614379,193
377,9039329438678,74284309,214
378,9039400075124,70636446,116
379,9039471923245,71848121,45
380,9039543868770,71945525,98
381,9039618703002,74834232,154
382,9039690545323,71842321,171
383,9039766816732,76271409,220
384,9039835080596,68263864,148
385,9039907189916,72109320,156
386,9039980767522,73577606,34
387,9040053447963,72680441,27
388,9040123875461,70427498,133
389,9040196717152,72841691,96
390,9040269540912,72823760,48
391,9040342293168,72752256,176
392,9040413553612,71260444,204
393,9040486548764,72995152,28
394,9040560073189,73524425,229
395,9040632830771,72757582,51
396,9040704785694,71954923,30
397,9040775885306,71099612,250
398,9040848885681,73000375,177
399,9040922555330,73669649,194
400,9040993636758,71081428,150
401,9041070794066,77157308,82
402,9041138957314,68163248,2
403,9041212436914,73479600,178
404,9041284370159,71933245,239
405,9041356805284,72435125,164
406,9041432053480,75248196,232
407,9041502974458,70920978,250
408,9041574687551,71713093,63
409,9041646970278,72282727,166
410,9041720626638,73656360,206
411,9041800316675,79690037,3
412,9041871930147,71613472,35
413,9041937969615,66039468,207
414,9042009920361,71950746,105
415,9042081416043,71495682,107
416,9042157102651,75686608,59
417,9042226973840,69871189,144
418,9042300442998,73469158,118
419,9042372458876,72015878,124
420,9042443828412,71369536,188
421,9042533462149,89633737,133
422,9042589895493,56433344,69
423,9042662296676,72401183,100
424,9042734339024,72042348,208
425,9042808252182,73913158,22
426,9042881510707,73258525,51
427,9042953538750,72028043,190
428,9043026255622,72716872,6
429,9043098980109,72724487,13
430,9043169842510,70862401,78
431,9043244802194,74959684,146
432,9043318445442,73643248,130
433,9043391075707,72630265,123
434,9043462157919,71082212,95
435,9043533976218,71818299,154
436,9043608549270,74573052,150
437,9043681470522,72921252,58
438,9043753505570,72035048,34
439,9043823269057,69763487,193
440,9043896766480,73497423,16
441,9043972908244,76141764,212
442,9044047530093,74621849,109
443,9044115314071,67783978,151
444,9044187795919,72481848,207
445,9044259716203,71920284,107
446,9044335696336,75980133,208
447,9044404661706,68965370,202
448,9044482315462,77653756,198
449,9044550772803,68457341,67
450,9044623079458,72306655,34
451,9044696523550,73444092,30
452,9044768178121,71654571,201
453,9044842905079,74726958,247
454,9044912877316,69972237,4
455,9044984571896,71694580,248
456,9045058030854,73458958,6
457,9045129295644,71264790,28
458,9045205288251,75992607,59
459,9045274626580,69338329,20
460,9045348571433,73944853,41
461,9045422113551,73542118,15
462,9045493617551,71504000,143
463,9045569775648,76158097,32
464,9045639218506,69442858,74
465,9045711094534,71876028,6
466,9045786405476,75310942,100
467,9045854371602,67966126,18
468,9045932747603,78376001,83
469,9046002730135,69982532,151
470,9046073200625,70470490,241
471,9046145879461,72678836,165
472,9046219327255,73447794,23
473,9046292707227,73379972,155
474,9046367493022,74785795,158
475,9046437995485,70502463,221
476,9046509776188,71780703,60
477,9046583219990,73443802,22
478,9046657787823,74567833,175
479,9046728195419,70407596,91
480,9046798635609,70440190,89
481,9046874253565,75617956,253
482,9046948401871,74148306,207
483,9047017370775,68968904,151
484,9047089041471,71670696,63
485,9047161526823,72485352,39
486,9047236414679,74887856,215
487,9047310105665,73690986,65
488,9047381886478,71780813,14
489,9047452574757,70688279,37
490,9047523205686,70630929,54
491,9047596448883,73243197,115
492,9047669480709,73031826,5
493,9047746542360,77061651,24
494,9047815514549,68972189,181
495,9047887131527,71616978,135
496,9047960867547,73736020,219
497,9048032913178,72045631,26
498,9048104416266,71503088,10
499,9048177055946,72639680,202
500,9048249676480,72620534,192
501,9048326152105,76475625,169
502,9048400678932,74526827,20
503,9048469022819,68343887,99
504,9048539258989,70236170,109
505,9048611656300,72397311,108
506,9048687196023,75539723,119
507,9048759612877,72416854,205
508,9048833895744,74282867,64
509,9048905563616,71667872,224
510,9048976848303,71284687,175
511,9049051689322,74841019,106
512,9049121245840,69556518,144
513,9049195942542,74696702,142
514,9049268321079,72378537,55
515,9049338089525,69768446,53
516,9049414634850,76545325,98
517,9049482672292,68037442,164
518,9049556029963,73357671,11
519,9049627566691,71536728,99
520,9049701369035,73802344,203
521,9049774334120,72965085,168
522,9049847168186,72834066,186
523,9049918023404,70855218,236
524,9049989399367,71375963,71
525,9050061350562,71951195,162
526,9050140510834,79160272,114
527,9050210410770,69899936,18
528,9050285582704,75171934,112
529,9050353551405,67968701,45
530,9050426331449,72780044,57
531,9050500639585,74308136,97
532,9050575441307,74801722,155
533,9050646830224,71388917,144
534,9050717688613,70858389,37
535,9050787896744,70208131,168
536,9050864706109,76809365,61
537,9050935648393,70942284,137
538,9051007046783,71398390,127
539,9051079268687,72221904,79
540,9051153790805,74522118,85
541,9051225277990,71487185,38
542,9051295287156,70009166,116
543,9051371406503,76119347,167
544,9051444157643,72751140,203
545,9051515002543,70844900,175
546,9051591444252,76441709,28
547,9051664569759,73125507,159
548,9051735200991,70631232,223
549,9051804469902,69268911,142
550,9051877447962,72978060,26
551,9051955479643,78031681,91
552,9052029515923,74036280,147
553,9052094484522,64968599,42
554,9052168884291,74399769,67
555,9052239099651,70215360,3
556,9052312822843,73723192,59
557,9052386889604,74066761,132
558,9052462432713,75543109,201
559,9052531011054,68578341,238
560,9052602110485,71099431,21
561,9052678155192,76044707,184
562,9052751845541,73690349,165
563,9052821432011,69586470,203
564,9052893895947,72463936,11
565,9052965609707,71713760,235
566,9053038628901,73019194,37
567,9053109662830,71033929,110
568,9053186007845,76345015,37
569,9053255849996,69842151,12
570,9053328465551,72615555,143
571,9053401693868,73228317,172
572,9053475684919,73991051,55
573,9053547942721,72257802,65
574,9053620914267,72971546,91
575,9053691014624,70100357,224
576,9053769070355,78055731,19
577,9053839425968,70355613,176
578,9053909941701,70515733,197
579,9053981917987,71976286,35
580,9054054142520,72224533,56
581,9054126786616,72644096,56
582,9054203305614,76518998,142
583,9054275521527,72215913,247
584,9054347585999,72064472,207
585,9054415615618,68029619,130
586,9054493715013,78099395,69
587,9054563960311,70245298,247
588,9054635865139,71904828,51
589,9054706426926,70561787,46
590,9054777608161,71181235,225
591,9054852815425,75207264,65
592,9054928735043,75919618,67
593,9054995963903,67228860,255
594,9055071998313,76034410,105
595,9055143055960,71057647,88
596,9055215857022,72801062,126
597,9055286344826,70487804,122
598,9055358339567,71994741,239
599,9055431434064,73094497,80
600,9055505650218,74216154,42
601,9055583866203,78215985,91
602,9055648871970,65005767,34
603,9055721468516,72596546,100
604,9055793737234,72268718,18
605,9055869089866,75352632,74
606,9055957836238,88746372,206
607,9056013433611,55597373,11
608,9056083196859,69763248,187
609,9056156128465,72931606,209
610,9056232185358,76056893,14
611,9056305353199,73167841,239
612,9056379063248,73710049,208
613,9056451630759,72567511,167
614,9056522497679,70866920,143
615,9056593015921,70518242,113
616,9056671903756,78887835,12
617,9056738519622,66615866,70
618,9056809816033,71296411,225
619,9056882744071,72928038,7
620,9056955495673,72751602,249
621,9057042339268,86843595,196
622,9057101171044,58831776,100
623,9057173035976,71864932,200
624,9057243603654,70567678,198
625,9057316255978,72652324,234
626,9057391185545,74929567,137
627,9057460465565,69280020,157
628,9057540545097,80079532,73
629,9057609267737,68722640,25
630,9057681654877,72387140,93
631,9057759265589,77610712,53
632,9057830343640,71078051,216
633,9057903016084,72672444,148
634,9057972939040,69922956,32
635,9058043724841,70785801,41
636,9058121241583,77516742,239
637,9058191597272,70355689,216
638,9058264726317,73129045,45
639,9058339389106,74662789,178
640,9058406227537,66838431,81
641,9058484840572,78613035,124
642,9058555606872,70766300,88
643,9058624420773,68813901,165
644,9058696138452,71717679,212
645,9058770616146,74477694,82
646,9058844421649,73805503,17
647,9058918400434,73978785,178
648,9058989449915,71049481,187
649,9059063411938,73962023,226
650,9059132067386,68655448,58
651,9059209062198,76994812,54
652,9059277418687,68356489,191
653,9059354391099,76972412,59
654,9059426171875,71780776,227
655,9059494770577,68598702,145
656,9059569359272,74588695,168
657,9059638603893,69244621,117
658,9059710652784,72048891,112
659,9059782400907,71748123,139
660,9059857593643,75192736,43
661,9059932953598,75359955,254
662,9060003820694,70867096,150
663,9060078632691,74811997,243
664,9060149455280,70822589,176
665,9060218856381,69401101,189
666,9060298249989,79393608,5
667,9060368779461,70529472,197
668,9060439840434,71060973,178
669,9060511486480,71646046,16
670,9060585075830,73589350,118
671,9060675891797,90815967,85
672,9060727077319,51185522,199
673,9060802596272,75518953,176
674,9060875443871,72847599,159
675,9060943870231,68426360,23
676,9061022517539,78647308,35
677,9061089386230,66868691,246
678,9061163204954,73818724,90
679,9061236702876,73497922,156
680,9061308230717,71527841,61
681,9061386496066,78265349,66
682,9061456743358,70247292,190
683,9061530091601,73348243,81
684,9061601301652,71210051,148
685,9061672057202,70755550,114
686,9061747960873,75903671,41
687,9061815745184,67784311,160
688,9061890740835,74995651,99
689,9061965381845,74641010,213
690,9062032167852,66786007,172
691,9062110400439,78232587,183
692,9062183698842,73298403,154
693,9062253626651,69927809,27
694,9062326014882,72388231,162
695,9062397539206,71524324,134
696,9062470953164,73413958,204
697,9062545061308,74108144,188
698,9062618297417,73236109,73
699,9062690291739,71994322,27
700,9062761623147,71331408,107
701,9062836884667,75261520,187
702,9062908751360,71866693,0
703,9062977139100,68387740,156
704,9063049544247,72405147,55
705,9063122513451,72969204,43
706,9063196980739,74467288,3
707,9063266851389,69870650,61
708,9063340654549,73803160,213
709,9063413743518,73088969,158
710,9063485471979,71728461,235
711,9063561799341,76327362,173
712,9063631987275,70187934,75
713,9063703589897,71602622,9
714,9063779608939,76019042,107
715,9063846655044,67046105,68
716,9063923417449,76762405,105
717,9063996121653,72704204,53
718,9064067693505,71571852,193
719,9064138198324,70504819,52
720,9064210166745,71968421,217
721,9064287719338,77552593,170
722,9064357618205,69898867,29
723,9064428548698,70930493,90
724,9064499962097,71413399,241
725,9064571841093,71878996,69
726,9064646969091,75127998,3
727,9064721279845,74310754,101
728,9064791775143,70495298,167
729,9064863036611,71261468,195
730,9064936262165,73225554,21
731,9065009906196,73644031,20
732,9065079868543,69962347,127
733,9065154855945,74987402,9
734,9065226554586,71698641,218
735,9065299698139,73143553,219
736,9065385738849,86040710,97
737,9065442162284,56423435,108
738,9065517963623,75801339,103
739,9065591337858,73374235,130
740,9065660488887,69151029,183
741,9065736046803,75557916,211
742,9065812144406,76097603,22
743,9065882778868,70634462,244
744,9065952189916,69411048,220
745,9066024856181,72666265,117
746,9066101762703,76906522,143
747,9066173599835,71837132,91
748,9066246973784,73373949,88
749,9066319960060,72986276,252
750,9066388257303,68297243,23
751,9066467822992,79565689,144
752,9066534843659,67020667,11
753,9066609585912,74742253,248
754,9066679550420,69964508,212
755,9066750390171,70839751,155
756,9066827248206,76858035,78
757,9066900002193,72753987,145
758,9066971132692,71130499,20
759,9067043166904,72034212,184
760,9067111815614,68648710,190
761,9067188527256,76711642,152
762,9067256604512,68077256,96
763,9067334497990,77893478,198
764,9067406311095,71813105,183
765,9067476084061,69772966,93
766,9067551831393,75747332,97
767,9067621136455,69305062,71
768,9067692773083,71636628,219
769,9067767319283,74546200,243
770,9067838046920,70727637,200
771,9067913062147,75015227,3
772,9067982130843,69068696,155
773,9068058480272,76349429,144
774,9068128414179,69933907,227
775,9068201758366,73344187,158
776,9068275116397,73358031,109
777,9068346440061,71323664,125
778,9068421956705,75516644,97
779,9068491718508,69761803,108
780,9068564058389,72339881,21
781,9068637536196,73477807,196
782,9068709985889,72449693,97
783,9068784158321,74172432,113
784,9068858668605,74510284,61
785,9068927133797,68465192,101
786,9069001622094,74488297,78
787,9069070814336,69192242,128
788,9069146859614,76045278,94
789,9069217796599,70936985,247
790,9069288944916,71148317,20
791,9069361526640,72581724,112
792,9069438295233,76768593,193
793,9069509976890,71681657,58
794,9069583793599,73816709,191
795,9069652704908,68911309,140
796,9069726799701,74094793,85
797,9069800490035,73690334,51
798,9069871125377,70635342,129
799,9069944917767,73792390,7
800,9070016449448,71531681,168
801,9070103176191,86726743,255
802,9070164106626,60930435,130
803,9070235477395,71370769,147
804,9070307084315,71606920,27
805,9070377687649,70603334,97
806,9070453137809,75450160,145
807,9070523550772,70412963,52
808,9070597437887,73887115,191
809,9070670791430,73353543,6
810,9070741177659,70386229,59
811,9070816662224,75484565,208
812,9070886505522,69843298,50
813,9070959618683,73113161,123
814,9071034287460,74668777,100
815,9071104525099,70237639,43
816,9071176667307,72142208,171
817,9071250529254,73861947,230
818,9071324332679,73803425,135
819,9071399084342,74751663,54
820,9071467177949,68093607,221
821,9071545750350,78572401,78
822,9071615955878,70205528,166
823,9071687623367,71667489,199
824,9071757430919,69807552,135
825,9071831381584,73950665,80
826,9071905625223,74243639,135
827,9071979050114,73424891,130
828,9072048967675,69917561,251
829,9072120259685,71292010,101
830,9072192143513,71883828,153
831,9072275904355,83760842,99
832,9072335829426,59925071,178
833,9072410067827,74238401,115
834,9072481238204,71170377,188
835,9072557497576,76259372,232
836,9072630960787,73463211,147
837,9072697892666,66931879,58
838,9072775143807,77251141,127
839,9072845581911,70438104,87
840,9072916998621,71416710,221
841,9072994343653,77345032,229
842,9073065243698,70900045,50
843,9073135795762,70552064,50
844,9073207725434,71929672,122
845,9073282711138,74985704,98
846,9073359975636,77264498,212
847,9073426054809,66079173,153
848,9073499744749,73689940,237
849,9073570701565,70956816,253
850,9073643846786,73145221,130
851,9073719662237,75815451,157
852,9073788653882,68991645,58
853,9073861646522,72992640,186
854,9073933791473,72144951,241
855,9074006198977,72407504,193
856,9074080068096,73869119,0
857,9074153394039,73325943,119
858,9074225478956,72084917,44
859,9074297023291,71544335,59
860,9074369385888,72362597,160
861,9074443459127,74073239,55
862,9074518231856,74772729,48
863,9074586739504,68507648,48
864,9074658906654,72167150,30
865,9074731912050,73005396,114
866,9074805938087,74026037,167
867,9074876331595,70393508,75
868,9074951807529,75475934,41
869,9075023781056,71973527,192
870,9075093142816,69361760,32
871,9075168764898,75622082,226
872,9075243047914,74283016,234
873,9075314252533,71204619,245
874,9075383186793,68934260,105
875,9075457126057,73939264,169
876,9075533619312,76493255,112
877,9075601925461,68306149,85
878,9075678444492,76519031,204
879,9075750372025,71927533,185
880,9075820128034,69756009,34
881,9075895501409,75373375,97
882,9075965771284,70269875,20
883,9076041596930,75825646,2
884,9076110712447,69115517,127
885,9076183433799,72721352,71
886,9076261390271,77956472,191
887,9076332045928,70655657,104
888,9076402276460,70230532,108
889,9076473821606,71545146,166
890,9076546867914,73046308,202
891,9076619187019,72319105,75
892,9076689718577,70531558,49
893,9076767170708,77452131,148
894,9076839268256,72097548,160
895,9076908374477,69106221,205
896,9076985114267,76739790,155
897,9077055313502,70199235,94
898,9077128304326,72990824,198
899,9077199415170,71110844,130
900,9077271191167,71775997,127
901,9077345442269,74251102,221
902,9077418175359,72733090,127
903,9077492807077,74631718,165
904,9077564516077,71709000,237
905,9077634485244,69969167,252
906,9077710010089,75524845,233
907,9077782775979,72765890,171
908,9077852112587,69336608,203
909,9077924296636,72184049,188
910,9077996635522,72338886,130
911,9078072100664,75465142,56
912,9078141938652,69837988,220
913,9078216558237,74619585,157
914,9078288264208,71705971,16
915,9078359627182,71362974,174
916,9078433452128,73824946,96
917,9078506402433,72950305,129
918,9078578687544,72285111,56
919,9078648426706,69739162,210
920,9078722854005,74427299,117
921,9078797578263,74724258,23
922,9078869868130,72289867,98
923,9078942239233,72371103,1
924,9079011831056,69591823,16
925,9079083425691,71594635,155
926,9079157166666,73740975,74
927,9079228396751,71230085,207
928,9079302245334,73848583,214
929,9079375894924,73649590,140
930,9079447818007,71923083,23
931,9079522667991,74849984,215
932,9079594327841,71659850,33
933,9079668294533,73966692,133
934,9079742335097,74040564,121
935,9079809259422,66924325,158
936,9079888360705,79101283,1
937,9079955668589,67307884,109
938,9080030905343,75236754,255
939,9080766663137,735757794,225
940,9081969103553,1202440416,193
941,9082040357500,71253947,124
942,9082108819720,68462220,8
943,9082185614791,76795071,199
944,9082258182225,72567434,81
945,9082329289395,71107170,179
946,9082400747811,71458416,35
947,9082470498730,69750919,170
948,9082544956178,74457448,18
949,9082616502013,71545835,253
950,9082692500498,75998485,18
951,9082764920940,72420442,108
952,9082834273617,69352677,81
953,9082911101633,76828016,193
954,9082981724512,70622879,96
955,9083055068109,73343597,205
956,9083125083892,70015783,244
957,9083705592815,580508923,239
958,9084904201782,1198608967,54
959,9084976052271,71850489,47
960,9085051452049,75399778,145
961,9085127221907,75769858,147
962,9085196782961,69561054,113
963,9085264462195,67679234,115
964,9085338225742,73763547,78
965,9085422693201,84467459,81
966,9085489658664,66965463,40
967,9085556211735,66553071,23
968,9085631829875,75618140,115
969,9085700451093,68621218,21
970,9085773472103,73021010,103
971,9085848795122,75323019,242
972,9085922126477,73331355,141
973,9085990217695,68091218,223
974,9086063131460,72913765,68
975,9086650598142,587466682,254
976,9087858890033,1208291891,49
977,9087927126646,68236613,118
978,9087996769819,69643173,27
979,9088072156457,75386638,41
980,9088153428855,81272398,119
981,9088218551869,65123014,61
982,9088287891416,69339547,216
983,9088360892514,73001098,98
984,9088432744992,71852478,32
985,9088509529892,76784900,36
986,9088582169502,72639610,158
987,9088651511141,69341639,101
988,9088724010962,72499821,210
989,9089238889733,514878771,5
990,9089843760866,604871133,226
991,9090305039391,461278525,31
992,9090673752705,368713314,129
993,9091262721805,588969100,13
994,9091544486270,281764465,126
995,9091884648859,340162589,155
996,9092131998031,247349172,79
997,9092385931549,253933518,29
998,9093013786348,627854799,236
999,9093461705126,447918778,166
